{
  "type": "FeatureCollection",
  "metadata": {
    "title": "Mumbai Metro Track Alignments (2030 Network)",
    "count": 14
  },
  "features": [
    {
      "type": "Feature",
      "geometry": {
        "type": "LineString",
        "coordinates": [
          [
            72.90805702971048,
            19.08676336579391
          ],
          [
            72.90781895039429,
            19.08899303578069
          ],
          [
            72.90785894416089,
            19.0900367238494
          ],
          [
            72.90768613047118,
            19.09069731450459
          ],
          [
            72.90751545271723,
            19.09107293660882
          ],
          [
            72.90692506966242,
            19.09125988033141
          ],
          [
            72.9057784770249,
            19.09109978971998
          ],
          [
            72.90508400933163,
            19.09114991003522
          ],
          [
            72.90437202187482,
            19.09131878749554
          ],
          [
            72.90261020890472,
            19.09213018851179
          ],
          [
            72.90130408753852,
            19.09293119945879
          ],
          [
            72.90047488436228,
            19.09326370086973
          ],
          [
            72.89962775540346,
            19.09351564200467
          ],
          [
            72.89827167849879,
            19.09430915374402
          ],
          [
            72.89761151877592,
            19.09473287765885
          ],
          [
            72.89687259825122,
            19.09518100002363
          ],
          [
            72.89528517105951,
            19.09614503710675
          ],
          [
            72.89420821447457,
            19.0968173173478
          ],
          [
            72.8934464045138,
            19.09734820017976
          ],
          [
            72.89248262197856,
            19.09863723606831
          ],
          [
            72.89150881443523,
            19.1002655077166
          ],
          [
            72.89124971883068,
            19.10077727324309
          ],
          [
            72.89098494685032,
            19.10103758249497
          ],
          [
            72.89034752407214,
            19.10170159104181
          ],
          [
            72.88866178372773,
            19.10307669354135
          ],
          [
            72.88801639672229,
            19.10347180288806
          ],
          [
            72.88683253705616,
            19.10421241095318
          ],
          [
            72.8861467768209,
            19.10476772152859
          ],
          [
            72.88451653025344,
            19.10671991432513
          ],
          [
            72.8836804664933,
            19.10729908257407
          ],
          [
            72.88178538745358,
            19.10748321108505
          ],
          [
            72.88121470428774,
            19.10755051141941
          ],
          [
            72.88003089627145,
            19.10795675922909
          ],
          [
            72.87767169914765,
            19.10885203561763
          ],
          [
            72.87176490437074,
            19.1109219198905
          ],
          [
            72.86733472303244,
            19.11225766021896
          ],
          [
            72.86445875713427,
            19.11294827591042
          ],
          [
            72.86284868698819,
            19.11380744851009
          ],
          [
            72.86117040364283,
            19.11465776708021
          ],
          [
            72.86032634197836,
            19.11488860117657
          ],
          [
            72.85789009313697,
            19.11517692909832
          ],
          [
            72.85616958196815,
            19.11603925816727
          ],
          [
            72.853634969757,
            19.11752058019889
          ],
          [
            72.84883398180894,
            19.12054485863829
          ],
          [
            72.8449765405671,
            19.12281219433276
          ],
          [
            72.84237174124131,
            19.12404948764554
          ],
          [
            72.84213741494383,
            19.12425465255908
          ],
          [
            72.84196199494797,
            19.12455739928882
          ],
          [
            72.84147954598002,
            19.12552071126198
          ],
          [
            72.84089133391139,
            19.12608652398013
          ],
          [
            72.83964133728728,
            19.12648832332078
          ],
          [
            72.83758578892535,
            19.12698885303697
          ],
          [
            72.83660172870258,
            19.12719095382646
          ],
          [
            72.83600704915153,
            19.12720602595958
          ],
          [
            72.83486522023135,
            19.12728573113665
          ],
          [
            72.83145587739517,
            19.12807602734508
          ],
          [
            72.83021732226361,
            19.12836434814825
          ],
          [
            72.82767471322666,
            19.12896139526453
          ],
          [
            72.8247341109658,
            19.12958550042991
          ],
          [
            72.82141891328715,
            19.13035470285779
          ]
        ]
      },
      "properties": {
        "line_id": "1",
        "line_name": "Line 1 (Blue Line)",
        "status": "operational",
        "network": "metro",
        "transit_type": "metro",
        "is_operational": true,
        "color": "#00AEEF",
        "stroke_width": 4.5,
        "dasharray": [],
        "station_count": 12,
        "start_station": "Versova",
        "end_station": "Ghatkopar"
      }
    },
    {
      "type": "Feature",
      "geometry": {
        "type": "LineString",
        "coordinates": [
          [
            72.8313819706863,
            19.12890135934623
          ],
          [
            72.8317105455323,
            19.13032871801854
          ],
          [
            72.83152773892431,
            19.13130225613826
          ],
          [
            72.83150315087164,
            19.13174859048952
          ],
          [
            72.83185620823295,
            19.13349102778747
          ],
          [
            72.8320259562162,
            19.1343732042971
          ],
          [
            72.83215190143655,
            19.13505955319264
          ],
          [
            72.83213661355893,
            19.13607897102458
          ],
          [
            72.83176689809385,
            19.13985338697522
          ],
          [
            72.83158379463835,
            19.14197261546703
          ],
          [
            72.83140814448001,
            19.1440048783295
          ],
          [
            72.83135764906018,
            19.14492380404798
          ],
          [
            72.83143512420646,
            19.1452872260683
          ],
          [
            72.83163456361936,
            19.14559600343994
          ],
          [
            72.83191743515671,
            19.14583783664958
          ],
          [
            72.83223924021074,
            19.14595076807846
          ],
          [
            72.83498820617848,
            19.14613929047351
          ],
          [
            72.83570329316302,
            19.1462481835413
          ],
          [
            72.8359095914686,
            19.14632435668965
          ],
          [
            72.83614135428707,
            19.14646050103116
          ],
          [
            72.83632124173829,
            19.14663081279301
          ],
          [
            72.8364732723097,
            19.14688138734641
          ],
          [
            72.83656685242784,
            19.14715973580785
          ],
          [
            72.83656642290134,
            19.14748898986981
          ],
          [
            72.83635563798455,
            19.14893205021825
          ],
          [
            72.83569901035044,
            19.1533004915332
          ],
          [
            72.83553079895351,
            19.15431753616173
          ],
          [
            72.83536654288588,
            19.15531775898916
          ],
          [
            72.83531853264554,
            19.15558842229417
          ],
          [
            72.83528473373337,
            19.15613977295313
          ],
          [
            72.83531195183143,
            19.15818816238709
          ],
          [
            72.8353314259415,
            19.15907752824346
          ],
          [
            72.83517658452064,
            19.15979226287394
          ],
          [
            72.83496562522565,
            19.16055116120873
          ],
          [
            72.83489514703979,
            19.16152599943101
          ],
          [
            72.83490598006112,
            19.16312879959216
          ],
          [
            72.83544362899873,
            19.17011578807861
          ],
          [
            72.83557919859656,
            19.1706638423145
          ],
          [
            72.83608559800213,
            19.17221649332091
          ],
          [
            72.83682066999295,
            19.17397728824959
          ],
          [
            72.83726758763338,
            19.17531616537497
          ],
          [
            72.83725162667686,
            19.17592862587745
          ],
          [
            72.83681495663039,
            19.17849111250913
          ],
          [
            72.83653201931033,
            19.18016200503829
          ],
          [
            72.83633228797966,
            19.18082278737788
          ],
          [
            72.83602184966372,
            19.18203656108646
          ],
          [
            72.83591927354631,
            19.18293263896209
          ],
          [
            72.83590718092604,
            19.18481405652917
          ],
          [
            72.83584032037346,
            19.18713981272996
          ],
          [
            72.8357802339812,
            19.18799489241966
          ],
          [
            72.83565799449481,
            19.18884767457684
          ],
          [
            72.83546358612598,
            19.18978756946948
          ],
          [
            72.83503563387899,
            19.19132467658183
          ],
          [
            72.83484795317896,
            19.19211837055864
          ],
          [
            72.83455518219243,
            19.19299386589473
          ],
          [
            72.83396421531056,
            19.19448502493087
          ],
          [
            72.83385731141415,
            19.19486400252611
          ],
          [
            72.83378529162128,
            19.19526736405122
          ],
          [
            72.83379565126658,
            19.19607428232112
          ],
          [
            72.8339968865911,
            19.19890543748533
          ],
          [
            72.83399468114692,
            19.20194627803638
          ],
          [
            72.83419260015567,
            19.20323358132167
          ],
          [
            72.83468292356702,
            19.20595209145498
          ],
          [
            72.83521768208715,
            19.2088375544635
          ],
          [
            72.8353530319879,
            19.21008916403373
          ],
          [
            72.83564720462739,
            19.21096648459649
          ],
          [
            72.83652290730193,
            19.21283251042918
          ],
          [
            72.8378150170284,
            19.21457071443926
          ],
          [
            72.83891693098084,
            19.21567626892871
          ],
          [
            72.83962507763287,
            19.21643671471507
          ],
          [
            72.84033194678734,
            19.21782881821559
          ],
          [
            72.8406051295503,
            19.21877521423252
          ],
          [
            72.84097710677509,
            19.22070337189323
          ],
          [
            72.84100759162882,
            19.22370574512698
          ],
          [
            72.84095503690676,
            19.2255067169034
          ],
          [
            72.84091441017765,
            19.2266299968187
          ],
          [
            72.84103878430435,
            19.22803978230434
          ],
          [
            72.84106593295182,
            19.22916443274485
          ],
          [
            72.84102934041641,
            19.23034489753032
          ],
          [
            72.8409745921922,
            19.23070523795661
          ],
          [
            72.84059101172615,
            19.23494336243175
          ],
          [
            72.84068374679757,
            19.23567510761743
          ],
          [
            72.84094455316325,
            19.23683017726342
          ],
          [
            72.84138891371377,
            19.23770011151016
          ],
          [
            72.84203578655668,
            19.23882762409876
          ],
          [
            72.84287158096976,
            19.23979020878678
          ],
          [
            72.84415856983652,
            19.24114784230067
          ],
          [
            72.84468058331638,
            19.24176557428153
          ],
          [
            72.84507893436455,
            19.24247499424341
          ],
          [
            72.84541662080011,
            19.24370620328335
          ],
          [
            72.84550012458104,
            19.24432417741213
          ],
          [
            72.84546963017861,
            19.24561673498897
          ],
          [
            72.84539994061896,
            19.24719116731999
          ],
          [
            72.84556926189003,
            19.24868841886355
          ],
          [
            72.8460150053631,
            19.25043571629066
          ],
          [
            72.84613913842719,
            19.25085871965564
          ],
          [
            72.8464872788177,
            19.25170835707691
          ],
          [
            72.84716932652447,
            19.2529507663433
          ],
          [
            72.8478728216784,
            19.25396420969263
          ],
          [
            72.84884846442574,
            19.25516707467304
          ],
          [
            72.84989542019468,
            19.25607403475
          ],
          [
            72.8508904247557,
            19.25676350272651
          ],
          [
            72.85175607040381,
            19.25736778651622
          ],
          [
            72.85320913083733,
            19.25814417519751
          ],
          [
            72.85426304561143,
            19.25854594063989
          ],
          [
            72.85660962006968,
            19.25872076254086
          ],
          [
            72.8627610210455,
            19.25805117331525
          ],
          [
            72.8659033321047,
            19.2573697305272
          ],
          [
            72.86821626777159,
            19.25635072977012
          ],
          [
            72.86866207546484,
            19.25601395060025
          ],
          [
            72.86905528520879,
            19.2555286937023
          ],
          [
            72.86919342530074,
            19.25502752222794
          ],
          [
            72.86920570727368,
            19.25447959297608
          ],
          [
            72.86900636783268,
            19.25389975955951
          ],
          [
            72.86664174012434,
            19.25054174587746
          ]
        ]
      },
      "properties": {
        "line_id": "2A",
        "line_name": "Line 2A (Yellow Line)",
        "status": "operational",
        "network": "metro",
        "transit_type": "metro",
        "is_operational": true,
        "color": "#FFC600",
        "stroke_width": 4.5,
        "dasharray": [],
        "station_count": 17,
        "start_station": "Dahisar East",
        "end_station": "Andheri West"
      }
    },
    {
      "type": "Feature",
      "geometry": {
        "type": "LineString",
        "coordinates": [
          [
            72.9384851904635,
            19.04961564088568
          ],
          [
            72.93116908983954,
            19.04917017701718
          ],
          [
            72.91745873172904,
            19.04490287763844
          ],
          [
            72.907059105596,
            19.04786033734596
          ],
          [
            72.90186403105763,
            19.05178126378758
          ],
          [
            72.89754881940486,
            19.06121617462263
          ]
        ]
      },
      "properties": {
        "line_id": "2B",
        "line_name": "Line 2B (Yellow Line) (Phase 1 Operational)",
        "status": "operational",
        "network": "metro",
        "transit_type": "metro",
        "is_operational": true,
        "color": "#FFC600",
        "stroke_width": 4.5,
        "dasharray": [],
        "station_count": 6,
        "start_station": "Maharashtranagar–Mandale",
        "end_station": "Chembur"
      }
    },
    {
      "type": "Feature",
      "geometry": {
        "type": "LineString",
        "coordinates": [
          [
            72.83684751028873,
            19.10709981847491
          ],
          [
            72.83711887642328,
            19.10934135204122
          ],
          [
            72.83795530740679,
            19.08193059428232
          ],
          [
            72.83964251242178,
            19.09547515902744
          ],
          [
            72.83795530740679,
            19.08193059428232
          ],
          [
            72.83758441767634,
            19.07310457278214
          ],
          [
            72.83807219489596,
            19.05331007437601
          ],
          [
            72.85306477620512,
            19.05760836124713
          ],
          [
            72.86322891848047,
            19.06586311835968
          ],
          [
            72.8698784140361,
            19.0699897603942
          ],
          [
            72.88137578362517,
            19.07366064133724
          ],
          [
            72.88674982725216,
            19.0655249564488
          ],
          [
            72.88835080334974,
            19.05555282704095
          ]
        ]
      },
      "properties": {
        "line_id": "2B",
        "line_name": "Line 2B (Yellow Line) (Phase 2 Under Construction)",
        "status": "under_construction",
        "network": "metro",
        "transit_type": "metro",
        "is_operational": false,
        "color": "#FFC600",
        "stroke_width": 3.5,
        "dasharray": [
          2,
          2
        ],
        "station_count": 13,
        "start_station": "ESIC Nagar",
        "end_station": "EEH"
      }
    },
    {
      "type": "Feature",
      "geometry": {
        "type": "LineString",
        "coordinates": [
          [
            72.88425615658828,
            19.1311275391136
          ],
          [
            72.88165344611454,
            19.13164798080019
          ],
          [
            72.87998607421231,
            19.13180671494154
          ],
          [
            72.87909157804397,
            19.13184571539141
          ],
          [
            72.87812064766736,
            19.13177349886641
          ],
          [
            72.87750098338739,
            19.13160028901033
          ],
          [
            72.87697073718083,
            19.13106817352141
          ],
          [
            72.87644968072978,
            19.12981744604959
          ],
          [
            72.87365249522482,
            19.12601134372931
          ],
          [
            72.87258823232861,
            19.12453343908879
          ],
          [
            72.87160056842055,
            19.12320162432825
          ],
          [
            72.87080628129769,
            19.12196091877737
          ],
          [
            72.87054736337396,
            19.11984292403188
          ],
          [
            72.8704374224607,
            19.11909022741333
          ],
          [
            72.87130665958784,
            19.11812510870633
          ],
          [
            72.87362125866579,
            19.11741771658243
          ],
          [
            72.87436788870986,
            19.11726484555541
          ],
          [
            72.87748982740528,
            19.11639960305924
          ],
          [
            72.87978055471896,
            19.11595298871612
          ],
          [
            72.88038879103757,
            19.1145007236771
          ],
          [
            72.8801720105178,
            19.11379054333074
          ],
          [
            72.88009096050543,
            19.10846030878233
          ],
          [
            72.87965192868572,
            19.10483542608888
          ],
          [
            72.87935379957898,
            19.1031076346795
          ],
          [
            72.87889097638332,
            19.10211202082085
          ],
          [
            72.87732393820569,
            19.102047580206
          ],
          [
            72.87457952942525,
            19.10210587255151
          ],
          [
            72.86503673828227,
            19.10222197577686
          ],
          [
            72.85984648054243,
            19.1013179771583
          ],
          [
            72.85651951534037,
            19.09873385783918
          ],
          [
            72.85707747240018,
            19.09709450436401
          ],
          [
            72.85604798534118,
            19.09555560560187
          ],
          [
            72.85369209652447,
            19.0939338234927
          ],
          [
            72.85079911260215,
            19.09221717580643
          ],
          [
            72.849789344747,
            19.09159955817602
          ],
          [
            72.84960080895306,
            19.09130676998269
          ],
          [
            72.84964662784654,
            19.09104861248388
          ],
          [
            72.84881722474019,
            19.09104213706205
          ],
          [
            72.84870022224385,
            19.0905881444948
          ],
          [
            72.848364042543,
            19.09005950856827
          ],
          [
            72.8476857014532,
            19.08941859766579
          ],
          [
            72.84727150864265,
            19.08897061828672
          ],
          [
            72.84688910348017,
            19.0880556263305
          ],
          [
            72.84662565282558,
            19.0871551404747
          ],
          [
            72.84608257637045,
            19.08581222973185
          ],
          [
            72.84620318480509,
            19.08515935878607
          ],
          [
            72.84620508125565,
            19.0851235072728
          ],
          [
            72.8463405665924,
            19.08406945513637
          ],
          [
            72.84703643943357,
            19.08056910010449
          ],
          [
            72.84702690504915,
            19.07900928649979
          ],
          [
            72.84697173300027,
            19.07478076790786
          ],
          [
            72.84693875423348,
            19.07242710374745
          ],
          [
            72.84721020659099,
            19.07226737881867
          ],
          [
            72.84807942456986,
            19.07220913843881
          ],
          [
            72.8484658762108,
            19.07189231441044
          ],
          [
            72.84867617162567,
            19.07144134449679
          ],
          [
            72.84953253838557,
            19.06997327712549
          ],
          [
            72.85226025840835,
            19.06507148230322
          ],
          [
            72.85495006265131,
            19.06042272964105
          ],
          [
            72.85552956350375,
            19.05937135924367
          ],
          [
            72.85566143322,
            19.05852457856686
          ],
          [
            72.85551446936782,
            19.05720531397187
          ],
          [
            72.85518138411753,
            19.05636306209224
          ],
          [
            72.85393472536953,
            19.05504825010063
          ],
          [
            72.85021802657107,
            19.04632617237088
          ],
          [
            72.84654496086422,
            19.04158430555218
          ],
          [
            72.84294783051422,
            19.03901901005721
          ],
          [
            72.8424974561202,
            19.03875572063992
          ],
          [
            72.84223101611053,
            19.03843756972859
          ],
          [
            72.84241394151682,
            19.03621662645163
          ],
          [
            72.84239148354101,
            19.03418470597264
          ],
          [
            72.84189912242785,
            19.03063818717012
          ],
          [
            72.84142264835029,
            19.02833339172146
          ],
          [
            72.84107135697906,
            19.02672008001191
          ],
          [
            72.8407975944402,
            19.02543084293198
          ],
          [
            72.84037076849965,
            19.02487331581472
          ],
          [
            72.83935480052742,
            19.02370063366767
          ],
          [
            72.83699392243904,
            19.02217349577545
          ],
          [
            72.83497300398777,
            19.01982341416218
          ],
          [
            72.83470901744937,
            19.01909883325519
          ],
          [
            72.8333284449024,
            19.01825730136385
          ],
          [
            72.83160672465279,
            19.01647398195483
          ],
          [
            72.83082323556532,
            19.01591130761357
          ],
          [
            72.83019031549229,
            19.01595272691426
          ],
          [
            72.82932691136175,
            19.01632876661457
          ],
          [
            72.82890374743364,
            19.01624668802606
          ],
          [
            72.82860673171356,
            19.01608898725785
          ],
          [
            72.82785684151277,
            19.01564916562563
          ],
          [
            72.8247345602045,
            19.0135742657496
          ],
          [
            72.8236236071281,
            19.01309520644307
          ],
          [
            72.82195799900016,
            19.01217490699971
          ],
          [
            72.8215597474798,
            19.01185762283073
          ],
          [
            72.82050510724771,
            19.01060502002721
          ],
          [
            72.81998495602309,
            19.00970492928159
          ],
          [
            72.81946850460858,
            19.00871698284702
          ],
          [
            72.81861621237478,
            19.00732536695462
          ],
          [
            72.8180950058171,
            19.0062171241659
          ],
          [
            72.81799576142144,
            19.00557808716968
          ],
          [
            72.8178178677789,
            19.00512282517805
          ],
          [
            72.81745343431741,
            19.00478133327041
          ],
          [
            72.81651583897623,
            19.0039993739728
          ],
          [
            72.81619739905472,
            19.0035009296425
          ],
          [
            72.81587522162522,
            19.00301531551771
          ],
          [
            72.81568681432857,
            19.00248888087524
          ],
          [
            72.81568639977715,
            19.00161333381451
          ],
          [
            72.81569823051633,
            19.00127068489172
          ],
          [
            72.8164623704471,
            19.00060716222862
          ],
          [
            72.81673855851164,
            19.00028054149819
          ],
          [
            72.81702030542236,
            18.99944273912348
          ],
          [
            72.81822163590242,
            18.99720529450799
          ],
          [
            72.82080284594464,
            18.99210314918897
          ],
          [
            72.82188450719269,
            18.99029927277187
          ],
          [
            72.82409055935351,
            18.98598419411782
          ],
          [
            72.82483171112584,
            18.98457921956812
          ],
          [
            72.82540367363057,
            18.98343367110311
          ],
          [
            72.82556964732706,
            18.98301819914842
          ],
          [
            72.82584879537453,
            18.9822691200027
          ],
          [
            72.82580549455044,
            18.98159721500408
          ],
          [
            72.8257333410137,
            18.98106494877923
          ],
          [
            72.82535935419791,
            18.9795443316638
          ],
          [
            72.8238703206828,
            18.97623293220879
          ],
          [
            72.823342441115,
            18.97488907381211
          ],
          [
            72.82213275773184,
            18.97248494985161
          ],
          [
            72.82172681605766,
            18.97160499367121
          ],
          [
            72.82150184967816,
            18.97101283030442
          ],
          [
            72.82147979868888,
            18.97060753377263
          ],
          [
            72.82083608366358,
            18.96901843782657
          ],
          [
            72.81913799793216,
            18.96581466528728
          ],
          [
            72.81798221425365,
            18.96297458484866
          ],
          [
            72.8176551425381,
            18.96188329046694
          ],
          [
            72.81751598073473,
            18.96113148239199
          ],
          [
            72.81747127722002,
            18.96000738666017
          ],
          [
            72.81751262368824,
            18.95933209195165
          ],
          [
            72.81839634126881,
            18.95711572238691
          ],
          [
            72.81902248418145,
            18.95548315283555
          ],
          [
            72.82021589365797,
            18.95428081348406
          ],
          [
            72.82265577430248,
            18.95192136858775
          ],
          [
            72.82344717849428,
            18.95101071115874
          ],
          [
            72.82489405800644,
            18.94949906060481
          ],
          [
            72.82551363054233,
            18.94870253066062
          ],
          [
            72.82646222913387,
            18.94750108947331
          ],
          [
            72.8269855698605,
            18.94688584208466
          ],
          [
            72.82791641996228,
            18.94539714984398
          ],
          [
            72.8281650979819,
            18.94489348399599
          ],
          [
            72.829188986231,
            18.94337946565069
          ],
          [
            72.8311146484008,
            18.94158534107144
          ],
          [
            72.83228844290052,
            18.94071176955729
          ],
          [
            72.83421916267983,
            18.93974245827208
          ],
          [
            72.83462638056122,
            18.93955142169478
          ],
          [
            72.8347815531746,
            18.93940346353733
          ],
          [
            72.83479221973788,
            18.93906493653424
          ],
          [
            72.83468584417618,
            18.93865813725821
          ],
          [
            72.83427442992823,
            18.93743823649666
          ],
          [
            72.83378640081344,
            18.93608054940712
          ],
          [
            72.83343448472121,
            18.93536672388772
          ],
          [
            72.8328798403959,
            18.93463845668796
          ],
          [
            72.83159711168027,
            18.93287684998377
          ],
          [
            72.83142935432694,
            18.93262885656601
          ],
          [
            72.83122302066033,
            18.93250938227568
          ],
          [
            72.82875128970633,
            18.93279379721942
          ],
          [
            72.82802105337136,
            18.93267833444479
          ],
          [
            72.82755857192197,
            18.93219399413219
          ],
          [
            72.8262708526751,
            18.93065275188368
          ],
          [
            72.82505004203006,
            18.92909746076896
          ],
          [
            72.82495275680822,
            18.92793168718127
          ],
          [
            72.82531868083284,
            18.9268798413177
          ],
          [
            72.82572212964176,
            18.92474674490157
          ],
          [
            72.82648255243008,
            18.92309219667865
          ],
          [
            72.826713939776,
            18.92263140761626
          ],
          [
            72.82624165805983,
            18.92082033918108
          ],
          [
            72.82560975950022,
            18.9189062138346
          ],
          [
            72.82416777184149,
            18.91724980787055
          ],
          [
            72.82174860164898,
            18.91451213679521
          ],
          [
            72.82032713437656,
            18.9130283107556
          ],
          [
            72.81912350650926,
            18.9116760159718
          ],
          [
            72.81610455912164,
            18.90806017921615
          ],
          [
            72.8147948327526,
            18.90678808001589
          ],
          [
            72.81462604725486,
            18.90672618497282
          ],
          [
            72.81447392224966,
            18.90676128841003
          ],
          [
            72.81170333628478,
            18.90701850732395
          ],
          [
            72.80866717610942,
            18.90739454295384
          ],
          [
            72.80605670510862,
            18.9077047863429
          ]
        ]
      },
      "properties": {
        "line_id": "3",
        "line_name": "Line 3 (Aqua Line)",
        "status": "operational",
        "network": "metro",
        "transit_type": "metro",
        "is_operational": true,
        "color": "#059DB2",
        "stroke_width": 4.5,
        "dasharray": [],
        "station_count": 27,
        "start_station": "Aarey JVLR",
        "end_station": "Cuffe Parade"
      }
    },
    {
      "type": "Feature",
      "geometry": {
        "type": "LineString",
        "coordinates": [
          [
            72.96669754781699,
            19.26753153744428
          ],
          [
            72.96725033841346,
            19.26612719267032
          ],
          [
            72.96828322311174,
            19.26359628408352
          ],
          [
            72.96985504373747,
            19.25958885544529
          ],
          [
            72.97027333670519,
            19.25830500212031
          ],
          [
            72.97056352841369,
            19.25754188016337
          ],
          [
            72.97074207959874,
            19.25707255426581
          ],
          [
            72.97086992271399,
            19.25653922412958
          ],
          [
            72.97104166552158,
            19.25590129338475
          ],
          [
            72.9715491689593,
            19.25458878800395
          ],
          [
            72.97270480945814,
            19.25166984293285
          ],
          [
            72.9731639493559,
            19.25072173377966
          ],
          [
            72.97360844907257,
            19.24995800821336
          ],
          [
            72.9742031110151,
            19.24909385236408
          ],
          [
            72.97482121617243,
            19.24817281785076
          ],
          [
            72.97525129640532,
            19.24749727358263
          ],
          [
            72.97544080474356,
            19.24711648669359
          ],
          [
            72.97555816966349,
            19.24671296832017
          ],
          [
            72.97563905874092,
            19.24633023521423
          ],
          [
            72.9756949152119,
            19.2448990611525
          ],
          [
            72.9757346562716,
            19.24284920664372
          ],
          [
            72.97571114474226,
            19.24213790954174
          ],
          [
            72.97560417357074,
            19.24146139833455
          ],
          [
            72.97546516476542,
            19.24052297065552
          ],
          [
            72.97542198849298,
            19.23990094476981
          ],
          [
            72.97560832722613,
            19.23812900911363
          ],
          [
            72.9758174554121,
            19.23642241531755
          ],
          [
            72.97599234513856,
            19.23497376170238
          ],
          [
            72.97616000379585,
            19.23369080793283
          ],
          [
            72.97644134119052,
            19.23271225272032
          ],
          [
            72.97657364773858,
            19.23167242338669
          ],
          [
            72.9767885082644,
            19.22982376934336
          ],
          [
            72.97699906861973,
            19.22789556691801
          ],
          [
            72.97719651049556,
            19.22597351669718
          ],
          [
            72.97746496511,
            19.22410463851974
          ],
          [
            72.97754663188913,
            19.22197449617253
          ],
          [
            72.97788543493118,
            19.21879274902893
          ],
          [
            72.97802957413738,
            19.21745433225473
          ],
          [
            72.97768088669893,
            19.21576934126065
          ],
          [
            72.97748605863102,
            19.21490756440601
          ],
          [
            72.97743415373529,
            19.21426991141667
          ],
          [
            72.97721360100529,
            19.21312126544793
          ],
          [
            72.97571090787325,
            19.21153998644567
          ],
          [
            72.97014164952957,
            19.20606348897518
          ],
          [
            72.96775952272024,
            19.20378503035571
          ],
          [
            72.96493549469477,
            19.20115129992745
          ],
          [
            72.96332735463423,
            19.19959286023887
          ],
          [
            72.96289760525927,
            19.19886944796696
          ],
          [
            72.962498517202,
            19.1978149434739
          ],
          [
            72.96232858849926,
            19.19692183349127
          ],
          [
            72.96234014186861,
            19.19579549890146
          ],
          [
            72.96271840746165,
            19.19319214338846
          ],
          [
            72.96333132366476,
            19.18940093403685
          ],
          [
            72.96340963806051,
            19.18873968123681
          ],
          [
            72.96324550523096,
            19.18829770375183
          ],
          [
            72.96290153995761,
            19.18789182427575
          ],
          [
            72.96150952104924,
            19.18704232957965
          ],
          [
            72.9603334790403,
            19.18641586131508
          ],
          [
            72.9587735558111,
            19.18598050610421
          ],
          [
            72.95804146056976,
            19.18582844316279
          ],
          [
            72.95698135569661,
            19.18573844883094
          ],
          [
            72.95638093978452,
            19.18573749362305
          ],
          [
            72.95600114630271,
            19.18559257330007
          ],
          [
            72.95555281054365,
            19.18527251942542
          ],
          [
            72.954797292281,
            19.18463632704381
          ],
          [
            72.9537620052176,
            19.1841631839046
          ],
          [
            72.95282352550706,
            19.18379371689939
          ],
          [
            72.95098196786503,
            19.1834800728984
          ],
          [
            72.9484985467466,
            19.18331019306433
          ],
          [
            72.94791678439417,
            19.18301925596938
          ],
          [
            72.94721870818074,
            19.18224403674388
          ],
          [
            72.94658713089092,
            19.18140687879611
          ],
          [
            72.94578052759064,
            19.1799123238938
          ],
          [
            72.94522336010971,
            19.17889258058014
          ],
          [
            72.94487068744861,
            19.17850339135615
          ],
          [
            72.94420504859066,
            19.17789673228357
          ],
          [
            72.94376510692129,
            19.17748973743442
          ],
          [
            72.94239908651613,
            19.17552884562532
          ],
          [
            72.94151062626297,
            19.17410461860678
          ],
          [
            72.94123637779191,
            19.17308021347729
          ],
          [
            72.94073558043151,
            19.17167198300817
          ],
          [
            72.93978687389993,
            19.16954319611257
          ],
          [
            72.93856155972402,
            19.16644076324302
          ],
          [
            72.9381305601043,
            19.16542225965744
          ],
          [
            72.9378779138097,
            19.16481257026729
          ],
          [
            72.93777897216083,
            19.16411077527389
          ],
          [
            72.93777450365438,
            19.16339049849729
          ],
          [
            72.9376501511353,
            19.15955538694698
          ],
          [
            72.93765641470276,
            19.15721360137432
          ],
          [
            72.93756839442207,
            19.15456514309758
          ],
          [
            72.9376496145798,
            19.15317960482472
          ],
          [
            72.93767530250726,
            19.15165527997523
          ],
          [
            72.9376976523261,
            19.15112147270115
          ],
          [
            72.93778213243897,
            19.15063673677324
          ],
          [
            72.93802389769803,
            19.14934563289458
          ],
          [
            72.938025402449,
            19.14884243047089
          ],
          [
            72.93791199884313,
            19.14848561952754
          ],
          [
            72.93761987315472,
            19.14804051084325
          ],
          [
            72.93635871733137,
            19.14658825346572
          ],
          [
            72.93480367241814,
            19.14473786125333
          ],
          [
            72.93293588004038,
            19.14253998641304
          ],
          [
            72.93195522079714,
            19.14129886430864
          ],
          [
            72.93166278546164,
            19.14077227147827
          ],
          [
            72.9308323963147,
            19.13881062198357
          ],
          [
            72.93031406112947,
            19.13775481960932
          ],
          [
            72.92989388731289,
            19.1370261462249
          ],
          [
            72.92827068217372,
            19.13385759282051
          ],
          [
            72.9275965955738,
            19.13260557979189
          ],
          [
            72.9263461597672,
            19.13023050729928
          ],
          [
            72.9254366760267,
            19.12856182957762
          ],
          [
            72.92536979124907,
            19.12818448409136
          ],
          [
            72.92539662780416,
            19.12724896731587
          ],
          [
            72.92540767481172,
            19.12614538965234
          ],
          [
            72.92541748635536,
            19.12338194870715
          ],
          [
            72.92545120416037,
            19.12267657107488
          ],
          [
            72.9257864444058,
            19.12054288397289
          ],
          [
            72.92606495319598,
            19.11896809779881
          ],
          [
            72.92620183032203,
            19.11765891590716
          ],
          [
            72.92627164803932,
            19.11519210696418
          ],
          [
            72.92624733853243,
            19.11339022586397
          ],
          [
            72.9261404039376,
            19.11239777762076
          ],
          [
            72.92603261509514,
            19.111958112893
          ],
          [
            72.92584947508338,
            19.11144616275968
          ],
          [
            72.92566096159268,
            19.11086489784197
          ],
          [
            72.92462457043537,
            19.1089643028117
          ],
          [
            72.92303826061817,
            19.10653859268989
          ],
          [
            72.92179793618755,
            19.10486378034767
          ],
          [
            72.92084580381886,
            19.10346961505999
          ],
          [
            72.91854051049181,
            19.10055776997989
          ],
          [
            72.91660043082084,
            19.09807841206591
          ],
          [
            72.91567806674186,
            19.09696271636217
          ],
          [
            72.91554972448586,
            19.09651660878301
          ],
          [
            72.91561251248594,
            19.09611470951522
          ],
          [
            72.91591536671835,
            19.0955850701714
          ],
          [
            72.91663489082346,
            19.094887482083
          ],
          [
            72.91693227435623,
            19.09458453202255
          ],
          [
            72.91843469666293,
            19.0934633878665
          ],
          [
            72.91898818132032,
            19.09285102954604
          ],
          [
            72.91913347079476,
            19.09245247199082
          ],
          [
            72.91897869229891,
            19.0918747677812
          ],
          [
            72.91837603843354,
            19.09045343891001
          ],
          [
            72.91810686348758,
            19.08987124377453
          ],
          [
            72.91815823933582,
            19.0895195282703
          ],
          [
            72.91830271598886,
            19.08921701837892
          ],
          [
            72.9183370342964,
            19.08896777534904
          ],
          [
            72.91829021184537,
            19.08873166710907
          ],
          [
            72.91832346921963,
            19.08849012946568
          ],
          [
            72.91840370923178,
            19.08821238087739
          ],
          [
            72.91831451432067,
            19.08785467965195
          ],
          [
            72.91747820236475,
            19.08701338280751
          ],
          [
            72.91468145708038,
            19.08430871337679
          ],
          [
            72.91281878350912,
            19.08233415272165
          ],
          [
            72.91132148145387,
            19.08061896054842
          ],
          [
            72.9110632917773,
            19.08022658486693
          ],
          [
            72.91079699484612,
            19.07962039033498
          ],
          [
            72.9104420640433,
            19.07897979713875
          ],
          [
            72.9101313341141,
            19.07847162834878
          ],
          [
            72.90978004689477,
            19.07752231536249
          ],
          [
            72.90940396696017,
            19.07696401632797
          ],
          [
            72.90860808689875,
            19.07603224694376
          ],
          [
            72.9080829098401,
            19.07537643808671
          ],
          [
            72.90749636388813,
            19.07489979616592
          ],
          [
            72.90718475229383,
            19.07470202221158
          ],
          [
            72.9067279655683,
            19.07447369269785
          ],
          [
            72.90619919545252,
            19.07437239112995
          ],
          [
            72.9049357316993,
            19.07430096038802
          ],
          [
            72.90384427634828,
            19.0742902121132
          ],
          [
            72.9033247462766,
            19.07414160964566
          ],
          [
            72.90302749904643,
            19.07387740824339
          ],
          [
            72.90281899389313,
            19.07354780914223
          ],
          [
            72.902364706421,
            19.0725798854559
          ],
          [
            72.90141810925874,
            19.07090747274546
          ],
          [
            72.90120981087966,
            19.07057326403308
          ],
          [
            72.90011310588228,
            19.06772151045398
          ],
          [
            72.89950236377678,
            19.0660828253046
          ],
          [
            72.8992620001404,
            19.06510452899614
          ],
          [
            72.89888443826165,
            19.06471864999051
          ],
          [
            72.89710643158794,
            19.06353141864043
          ],
          [
            72.8941038399512,
            19.06153347110421
          ],
          [
            72.89198963098762,
            19.06011250596061
          ],
          [
            72.89013110500319,
            19.05867167860019
          ],
          [
            72.88880979626983,
            19.05759429750697
          ],
          [
            72.88757468497633,
            19.05659651372739
          ],
          [
            72.887014656224,
            19.05620990243602
          ],
          [
            72.88558802370433,
            19.05513475547169
          ],
          [
            72.88483033611213,
            19.05456497580553
          ],
          [
            72.88401735203257,
            19.05399639940209
          ],
          [
            72.88319703118181,
            19.05357363435123
          ],
          [
            72.88286811288778,
            19.05343664765557
          ],
          [
            72.88195795127974,
            19.05306277175362
          ],
          [
            72.88148553070663,
            19.05288690924732
          ],
          [
            72.88092529967706,
            19.0525398378648
          ],
          [
            72.88075764847694,
            19.05236554342897
          ],
          [
            72.88033069108506,
            19.05196147730236
          ],
          [
            72.88026396964015,
            19.05176060344001
          ],
          [
            72.88024956015047,
            19.05159459047962
          ],
          [
            72.8797838461818,
            19.05063005095911
          ],
          [
            72.87826312685021,
            19.04894365638252
          ],
          [
            72.87774957289344,
            19.04832115656014
          ],
          [
            72.87785854065476,
            19.0479730118521
          ],
          [
            72.87811169990863,
            19.04731279976219
          ],
          [
            72.8785504552563,
            19.04626596516288
          ],
          [
            72.87876180494015,
            19.04577426471555
          ],
          [
            72.87918721146158,
            19.04444215781885
          ],
          [
            72.87929677734667,
            19.04332329405047
          ],
          [
            72.8793435215593,
            19.04298574265804
          ],
          [
            72.87950602462661,
            19.04234465165696
          ],
          [
            72.87969198907757,
            19.04146121661845
          ],
          [
            72.88001442045518,
            19.0393149366775
          ],
          [
            72.88022548069834,
            19.03814423004131
          ],
          [
            72.88035367020028,
            19.03740243508257
          ],
          [
            72.88040507257905,
            19.03696876488864
          ],
          [
            72.88032847224883,
            19.03632507557284
          ],
          [
            72.88011315711717,
            19.03537016679796
          ],
          [
            72.87984539248568,
            19.03454124136538
          ],
          [
            72.8790301970219,
            19.03305510221477
          ],
          [
            72.87850929133579,
            19.03194040851366
          ],
          [
            72.87820209393756,
            19.03040379767243
          ],
          [
            72.87799309036559,
            19.02937899333003
          ],
          [
            72.87765589603848,
            19.0278187184456
          ],
          [
            72.87739205672652,
            19.02601426690889
          ]
        ]
      },
      "properties": {
        "line_id": "4",
        "line_name": "Line 4 (Green Line)",
        "status": "under_construction",
        "network": "metro",
        "transit_type": "metro",
        "is_operational": false,
        "color": "#00AE5A",
        "stroke_width": 3.5,
        "dasharray": [
          2,
          2
        ],
        "station_count": 30,
        "start_station": "Bhakti Park Metro",
        "end_station": "Kasarvadavali"
      }
    },
    {
      "type": "Feature",
      "geometry": {
        "type": "LineString",
        "coordinates": [
          [
            72.94727463414796,
            19.28453515922486
          ],
          [
            72.95002113019137,
            19.28416326854576
          ],
          [
            72.95173554733208,
            19.28391100452078
          ],
          [
            72.95308264018682,
            19.2832195919099
          ],
          [
            72.95384272619454,
            19.28278027038358
          ],
          [
            72.95473378074621,
            19.28228102570654
          ],
          [
            72.95558638198246,
            19.28065867714342
          ],
          [
            72.95728986694738,
            19.27805935947407
          ],
          [
            72.95814142961464,
            19.27708965611676
          ],
          [
            72.95933999684043,
            19.27562644173861
          ],
          [
            72.96017993093851,
            19.27467988322584
          ],
          [
            72.96132138076833,
            19.27366882627119
          ],
          [
            72.96270721583468,
            19.27261919218481
          ],
          [
            72.96354472784039,
            19.27200306099934
          ],
          [
            72.96428297097522,
            19.27143870713529
          ],
          [
            72.96454577023167,
            19.27117221401713
          ],
          [
            72.96455937029779,
            19.27115218975647
          ],
          [
            72.96481157029957,
            19.27081730578906
          ],
          [
            72.9658235066247,
            19.26927597836103
          ],
          [
            72.96669617710442,
            19.26752878651421
          ]
        ]
      },
      "properties": {
        "line_id": "4A",
        "line_name": "Line 4A (Green Line Extension)",
        "status": "under_construction",
        "network": "metro",
        "transit_type": "metro",
        "is_operational": false,
        "color": "#00AE5A",
        "stroke_width": 3.5,
        "dasharray": [
          2,
          2
        ],
        "station_count": 2,
        "start_station": "Kasarvadavali",
        "end_station": "Gaimukh"
      }
    },
    {
      "type": "Feature",
      "geometry": {
        "type": "LineString",
        "coordinates": [
          [
            72.97748946820941,
            19.2243157114744
          ],
          [
            72.97771929801989,
            19.222870421616
          ],
          [
            72.97784892499546,
            19.22166335084645
          ],
          [
            72.97796653219243,
            19.2210795871791
          ],
          [
            72.97807690417626,
            19.22049852912333
          ],
          [
            72.97827629813813,
            19.21879017937898
          ],
          [
            72.9783396900013,
            19.21836328010283
          ],
          [
            72.97868397014875,
            19.21781533491456
          ],
          [
            72.97912418497674,
            19.21757416963531
          ],
          [
            72.97954791161818,
            19.21753182239937
          ],
          [
            72.98007797098549,
            19.21760698215487
          ],
          [
            72.98197706546625,
            19.21793524142529
          ],
          [
            72.98253036348635,
            19.21810690396407
          ],
          [
            72.9830391549152,
            19.2182620972542
          ],
          [
            72.9835870916355,
            19.21846855373853
          ],
          [
            72.98443599973703,
            19.21887795580022
          ],
          [
            72.98730071046707,
            19.22024010983392
          ],
          [
            72.98791451848865,
            19.22055274441817
          ],
          [
            72.98909273227403,
            19.22112911369782
          ],
          [
            72.99017949999572,
            19.22185353945228
          ],
          [
            72.99069639057548,
            19.22224742452977
          ],
          [
            72.99151741126074,
            19.22269941031535
          ],
          [
            72.99244829810175,
            19.22312326023905
          ],
          [
            72.99310200177928,
            19.22350730574071
          ],
          [
            72.99408240785905,
            19.22418129681684
          ],
          [
            72.99459132307912,
            19.22451072599654
          ],
          [
            72.99541999125363,
            19.22499474808946
          ],
          [
            72.99650922929533,
            19.22559484799039
          ],
          [
            72.99809709902574,
            19.22648148562005
          ],
          [
            72.99975132660438,
            19.22743644282705
          ],
          [
            73.0018464090425,
            19.22865723288069
          ],
          [
            73.00419113375075,
            19.22998731441895
          ],
          [
            73.00527308357229,
            19.23060348388647
          ],
          [
            73.00646728307096,
            19.23121124712871
          ],
          [
            73.00763621893599,
            19.23185794118172
          ],
          [
            73.00848652859533,
            19.23237179784394
          ],
          [
            73.00917820340551,
            19.23276176679765
          ],
          [
            73.00963813283875,
            19.23306109010877
          ],
          [
            73.01016122499131,
            19.23343413085234
          ],
          [
            73.01060583473422,
            19.23378144350093
          ],
          [
            73.01161294403522,
            19.23440846335324
          ],
          [
            73.01291591587852,
            19.23518120553988
          ],
          [
            73.01344037795255,
            19.23545426571501
          ],
          [
            73.01420076095371,
            19.23577973029596
          ],
          [
            73.01472112127914,
            19.23609470908316
          ],
          [
            73.01519589184704,
            19.23644918965308
          ],
          [
            73.0157224538811,
            19.23692693804118
          ],
          [
            73.0158953082612,
            19.23731585727015
          ],
          [
            73.0159551043447,
            19.23781513841377
          ],
          [
            73.01601364427334,
            19.2382363741546
          ],
          [
            73.01627636983604,
            19.23929738147429
          ],
          [
            73.01643854395803,
            19.23992948548636
          ],
          [
            73.01710632341712,
            19.24259901549804
          ],
          [
            73.01744728687461,
            19.24388839107704
          ],
          [
            73.01778840226544,
            19.24530779511218
          ],
          [
            73.01797052924988,
            19.24611220817476
          ],
          [
            73.01797970284188,
            19.24650412282985
          ],
          [
            73.01799713870356,
            19.24709235057584
          ],
          [
            73.01793775341449,
            19.24775633265677
          ],
          [
            73.01786699059319,
            19.24821548668814
          ],
          [
            73.01780809264777,
            19.2489965104287
          ],
          [
            73.01786145379009,
            19.24957064740692
          ],
          [
            73.01788598584284,
            19.25024018057146
          ],
          [
            73.01794442982118,
            19.25066137999016
          ],
          [
            73.0180102365834,
            19.25092559832024
          ],
          [
            73.01808332193433,
            19.25111015134546
          ],
          [
            73.01824267365737,
            19.25130521425685
          ],
          [
            73.01838047737209,
            19.25144449141837
          ],
          [
            73.01855043262256,
            19.25155404792798
          ],
          [
            73.0189909187442,
            19.25170564436292
          ],
          [
            73.02136697405149,
            19.25265742890287
          ],
          [
            73.02175936366386,
            19.25291814157563
          ],
          [
            73.02233747741305,
            19.25349265620443
          ],
          [
            73.02284637125454,
            19.25408284012493
          ],
          [
            73.02376449897072,
            19.25509221896555
          ],
          [
            73.02668907505617,
            19.25837693910115
          ],
          [
            73.02790992400938,
            19.2598160577104
          ],
          [
            73.02870608793157,
            19.26070560584226
          ],
          [
            73.02919346705411,
            19.26117701745477
          ],
          [
            73.02996319890606,
            19.26190144141292
          ],
          [
            73.03102752594917,
            19.26294195867381
          ],
          [
            73.03200525737219,
            19.26386744678602
          ],
          [
            73.03311619190501,
            19.26487546229033
          ],
          [
            73.03411774449606,
            19.26584813884466
          ],
          [
            73.03526630197327,
            19.26693320087623
          ],
          [
            73.0369321288336,
            19.268497727387
          ],
          [
            73.0376986538756,
            19.26924406363429
          ],
          [
            73.03854336418681,
            19.27004518208417
          ],
          [
            73.03973570108958,
            19.27119230986489
          ],
          [
            73.04099035286278,
            19.27245436707313
          ],
          [
            73.04181831734438,
            19.27319067779655
          ],
          [
            73.04252606274495,
            19.27398266159567
          ],
          [
            73.04300456919289,
            19.27458594119025
          ],
          [
            73.04554971428544,
            19.27776314534712
          ],
          [
            73.04789094290629,
            19.2806908221703
          ],
          [
            73.0499711938069,
            19.28337309658779
          ],
          [
            73.05145981938873,
            19.2849011435013
          ],
          [
            73.05203855662734,
            19.28543996678335
          ],
          [
            73.05242059042175,
            19.28587248800153
          ],
          [
            73.05297732852488,
            19.28644576612002
          ],
          [
            73.0536017364726,
            19.28704612985609
          ],
          [
            73.05450796492818,
            19.28796617122451
          ],
          [
            73.05528903123057,
            19.28871216086662
          ],
          [
            73.05598717730653,
            19.28943253459223
          ],
          [
            73.05659179904687,
            19.29009063298943
          ],
          [
            73.05829888845086,
            19.29184636980231
          ],
          [
            73.06258161440215,
            19.2960988699767
          ],
          [
            73.06283687516782,
            19.29642087635957
          ],
          [
            73.0631434034941,
            19.2965610990176
          ],
          [
            73.06332831950056,
            19.29658039011257
          ],
          [
            73.06386411560123,
            19.29577454498432
          ],
          [
            73.06469918406549,
            19.29468231563133
          ],
          [
            73.06680605798012,
            19.29203016834621
          ],
          [
            73.06791987489132,
            19.29070859848469
          ],
          [
            73.07067466675247,
            19.2871065016121
          ],
          [
            73.07143512296646,
            19.28608130774731
          ],
          [
            73.07232463582652,
            19.28501976979148
          ],
          [
            73.07276211179523,
            19.28421024223612
          ],
          [
            73.07306795962903,
            19.28338825358193
          ],
          [
            73.07336520492257,
            19.28264067560887
          ],
          [
            73.07384653974886,
            19.2820289556219
          ],
          [
            73.07806222398766,
            19.276554120997
          ],
          [
            73.08219675325329,
            19.27092427090514
          ],
          [
            73.08375684039568,
            19.26912859503283
          ],
          [
            73.08787205394789,
            19.26366550245046
          ],
          [
            73.08913010677948,
            19.26245975786976
          ],
          [
            73.09041362007007,
            19.26146160569235
          ],
          [
            73.09170144281399,
            19.26037106687325
          ],
          [
            73.09408256460942,
            19.25778385627196
          ],
          [
            73.09661811623978,
            19.2550872488569
          ],
          [
            73.09899154104733,
            19.25269533798857
          ],
          [
            73.10026618152438,
            19.25186118669914
          ],
          [
            73.10178173654714,
            19.25086939544738
          ],
          [
            73.10551489293029,
            19.24871826242823
          ],
          [
            73.10930411323743,
            19.24622452488517
          ],
          [
            73.11025106951352,
            19.24603950324909
          ],
          [
            73.11364022674901,
            19.24578750171077
          ],
          [
            73.11942504025342,
            19.24675110768635
          ],
          [
            73.12473112148227,
            19.24634664858159
          ],
          [
            73.12628741469364,
            19.24631667522437
          ],
          [
            73.12893389216654,
            19.24411062614912
          ],
          [
            73.12958038211687,
            19.24376537701437
          ],
          [
            73.1297031316125,
            19.24335799989149
          ],
          [
            73.12952556947529,
            19.24102397829392
          ],
          [
            73.12921843538271,
            19.24005899341266
          ],
          [
            73.12796424895573,
            19.23913171758414
          ]
        ]
      },
      "properties": {
        "line_id": "5",
        "line_name": "Line 5 (Orange Line)",
        "status": "under_construction",
        "network": "metro",
        "transit_type": "metro",
        "is_operational": false,
        "color": "#FF8200",
        "stroke_width": 3.5,
        "dasharray": [
          2,
          2
        ],
        "station_count": 15,
        "start_station": "Balkum Naka",
        "end_station": "Kalyan APMC"
      }
    },
    {
      "type": "Feature",
      "geometry": {
        "type": "LineString",
        "coordinates": [
          [
            72.82098661363567,
            19.14228979818139
          ],
          [
            72.822454844597,
            19.14074657512603
          ],
          [
            72.8233451800099,
            19.1397326931412
          ],
          [
            72.82386406958926,
            19.13945558439283
          ],
          [
            72.82415875685356,
            19.13942826789503
          ],
          [
            72.82464557375884,
            19.13949956821281
          ],
          [
            72.82558342388262,
            19.13976027941908
          ],
          [
            72.82648185045565,
            19.14022397106898
          ],
          [
            72.82769719656794,
            19.14106740873227
          ],
          [
            72.8283867690595,
            19.14157849570332
          ],
          [
            72.82876826720462,
            19.14175141918874
          ],
          [
            72.82909858539183,
            19.14186178759801
          ],
          [
            72.82959120137106,
            19.14187254171225
          ],
          [
            72.83073241737907,
            19.14195172686964
          ],
          [
            72.83187649001404,
            19.14201814133233
          ],
          [
            72.83358080267558,
            19.1419168678596
          ],
          [
            72.83515266125985,
            19.14174381091587
          ],
          [
            72.83617313398267,
            19.14175246895984
          ],
          [
            72.83687886547172,
            19.1416214671128
          ],
          [
            72.83739735604632,
            19.14138498310186
          ],
          [
            72.83886965470957,
            19.14080405207853
          ],
          [
            72.8392857061037,
            19.14070068274939
          ],
          [
            72.8397575175353,
            19.14054435025984
          ],
          [
            72.84027030304074,
            19.14042038464742
          ],
          [
            72.84079257075723,
            19.14039551564902
          ],
          [
            72.84151099700527,
            19.14028753773661
          ],
          [
            72.84217698309936,
            19.14003611415379
          ],
          [
            72.84278351596288,
            19.13973508005504
          ],
          [
            72.84324897253083,
            19.1394831776829
          ],
          [
            72.8436152805339,
            19.13936028296056
          ],
          [
            72.84391348733827,
            19.13936158055469
          ],
          [
            72.84418622432932,
            19.13945503588909
          ],
          [
            72.84458058616332,
            19.13961987994424
          ],
          [
            72.84495242125185,
            19.13966241938585
          ],
          [
            72.84560624825438,
            19.13971992727316
          ],
          [
            72.84621425719195,
            19.13964095999083
          ],
          [
            72.84763609916322,
            19.13941487562919
          ],
          [
            72.84916432211429,
            19.13916368389226
          ],
          [
            72.85027991567158,
            19.13893428554834
          ],
          [
            72.85112819715789,
            19.139150089793
          ],
          [
            72.85204748598343,
            19.1394600370708
          ],
          [
            72.85286984014586,
            19.1398582411613
          ],
          [
            72.85357235168634,
            19.14017150598526
          ],
          [
            72.85414735748817,
            19.14056488890555
          ],
          [
            72.8550150064791,
            19.14084661784213
          ],
          [
            72.85572461417883,
            19.14099454225114
          ],
          [
            72.85649633536015,
            19.1411314108056
          ],
          [
            72.85704881727293,
            19.14115595528123
          ],
          [
            72.85774314009846,
            19.14088745348871
          ],
          [
            72.85810113047293,
            19.14069826497457
          ],
          [
            72.85876638980685,
            19.14038419918356
          ],
          [
            72.85951416272125,
            19.1400007805113
          ],
          [
            72.86041524025158,
            19.1395973372935
          ],
          [
            72.86196977591023,
            19.13926277519314
          ],
          [
            72.86275497604088,
            19.13911648429613
          ],
          [
            72.86340265465313,
            19.13902742059614
          ],
          [
            72.86411072294077,
            19.13904296026722
          ],
          [
            72.86499523654396,
            19.13916533714169
          ],
          [
            72.8659254049653,
            19.13942601585416
          ],
          [
            72.86681933755986,
            19.13971339516453
          ],
          [
            72.86774647270218,
            19.13984674915057
          ],
          [
            72.86846562462759,
            19.1398105335272
          ],
          [
            72.86904563097036,
            19.13972667818765
          ],
          [
            72.8697107269304,
            19.13956604721066
          ],
          [
            72.87038758253856,
            19.1393678650531
          ],
          [
            72.8709970629676,
            19.13909927639618
          ],
          [
            72.8715571795602,
            19.13878652588568
          ],
          [
            72.87214864464057,
            19.13836652029064
          ],
          [
            72.87263980883877,
            19.13788139116452
          ],
          [
            72.87300725918996,
            19.13743927862449
          ],
          [
            72.87340850149361,
            19.13683336382863
          ],
          [
            72.87377004245556,
            19.13617600950614
          ],
          [
            72.87407512761992,
            19.13552144559184
          ],
          [
            72.87455910118948,
            19.13439606366864
          ],
          [
            72.87465205395755,
            19.13390961484598
          ],
          [
            72.87471919999389,
            19.13340625261778
          ],
          [
            72.8747732397514,
            19.13281922840393
          ],
          [
            72.87482720213961,
            19.1323026931201
          ],
          [
            72.87489440714117,
            19.1320438973017
          ],
          [
            72.87507360378665,
            19.13167302316789
          ],
          [
            72.87543294601953,
            19.13121004435827
          ],
          [
            72.87609429157887,
            19.13076793011872
          ],
          [
            72.87649133887753,
            19.13057206737532
          ],
          [
            72.8772298963904,
            19.13033416321277
          ],
          [
            72.87842753139877,
            19.13005339593555
          ],
          [
            72.87993491173818,
            19.12975583084969
          ],
          [
            72.88092345419037,
            19.12957371075486
          ],
          [
            72.88127797228813,
            19.12949098967919
          ],
          [
            72.8817866240367,
            19.12950657193229
          ],
          [
            72.88249614696085,
            19.12946209370224
          ],
          [
            72.88414359839653,
            19.12946086545029
          ],
          [
            72.88503868862169,
            19.12942705388937
          ],
          [
            72.88600724740454,
            19.12937134092671
          ],
          [
            72.88657622066859,
            19.12912120145629
          ],
          [
            72.8872440898198,
            19.12870536306689
          ],
          [
            72.88778278381163,
            19.12830950892156
          ],
          [
            72.88827402635233,
            19.12798803507684
          ],
          [
            72.88888051788821,
            19.1275152975908
          ],
          [
            72.89000127011184,
            19.12653846789408
          ],
          [
            72.89059260475183,
            19.12620613090108
          ],
          [
            72.89118055867921,
            19.12590751776964
          ],
          [
            72.89182681547737,
            19.12563776403192
          ],
          [
            72.89183643477007,
            19.1256328947654
          ],
          [
            72.89271063517202,
            19.12539930999489
          ],
          [
            72.8935856492476,
            19.12512792305316
          ],
          [
            72.89446891418108,
            19.12497073458608
          ],
          [
            72.89511048204966,
            19.12494322055812
          ],
          [
            72.89566539933567,
            19.12486364875449
          ],
          [
            72.89621105140273,
            19.12470041810875
          ],
          [
            72.89653386227116,
            19.12452503079937
          ],
          [
            72.89692887154958,
            19.12430098224467
          ],
          [
            72.89733445941565,
            19.12408862250781
          ],
          [
            72.89771296376172,
            19.12384924441234
          ],
          [
            72.89809969696941,
            19.12349809549665
          ],
          [
            72.89833071184846,
            19.1231820757353
          ],
          [
            72.89866614800533,
            19.12250574869242
          ],
          [
            72.89892343729403,
            19.1218669363116
          ],
          [
            72.89921059821452,
            19.12108669099349
          ],
          [
            72.89947693316886,
            19.12061449308566
          ],
          [
            72.89983654408368,
            19.12033087347214
          ],
          [
            72.90022451239435,
            19.1201493035811
          ],
          [
            72.90083130181699,
            19.1200365755729
          ],
          [
            72.90149862453838,
            19.11990073848271
          ],
          [
            72.90231328228671,
            19.11965366940681
          ],
          [
            72.90323818458494,
            19.11943665058955
          ],
          [
            72.90370287182705,
            19.11941431410386
          ],
          [
            72.9045517062578,
            19.1195533900197
          ],
          [
            72.90516374731672,
            19.11976304759255
          ],
          [
            72.90620764092802,
            19.12013438524856
          ],
          [
            72.90729284783971,
            19.12071473243344
          ],
          [
            72.9077772099573,
            19.12098719349452
          ],
          [
            72.90816452763467,
            19.12143238737416
          ],
          [
            72.90835270609769,
            19.12195572349691
          ],
          [
            72.90857565163526,
            19.12315990132358
          ],
          [
            72.90875469557486,
            19.1234848113013
          ],
          [
            72.90885586167005,
            19.12362730568676
          ],
          [
            72.90906626804052,
            19.12379204244462
          ],
          [
            72.90928457594053,
            19.1239079969521
          ],
          [
            72.90952500161542,
            19.12399327394627
          ],
          [
            72.90977883572857,
            19.12402485483215
          ],
          [
            72.91017945461154,
            19.12398896639936
          ],
          [
            72.911302935153,
            19.123829356393
          ],
          [
            72.9117695038629,
            19.12378105005726
          ],
          [
            72.91198826104147,
            19.12379011578899
          ],
          [
            72.91226865186414,
            19.12384011636019
          ],
          [
            72.91257097897059,
            19.12391316901234
          ],
          [
            72.91381823676487,
            19.12423469254517
          ],
          [
            72.91524131779097,
            19.12464894857834
          ],
          [
            72.91624286000282,
            19.12491507353798
          ],
          [
            72.91665533122364,
            19.12510626708166
          ],
          [
            72.91706545196402,
            19.12548529373933
          ],
          [
            72.91780918828428,
            19.12628113137454
          ],
          [
            72.91860048245033,
            19.12725715798318
          ],
          [
            72.91906035766668,
            19.12794424723249
          ],
          [
            72.919299877136,
            19.12825423906902
          ],
          [
            72.91952718028118,
            19.12841198894753
          ],
          [
            72.91970840737953,
            19.12849348261367
          ],
          [
            72.919875233465,
            19.12854202384854
          ],
          [
            72.92010104511657,
            19.12858485012805
          ],
          [
            72.92033406667011,
            19.12856488086382
          ],
          [
            72.9206395881625,
            19.12852653204097
          ],
          [
            72.92098769900048,
            19.12836197268985
          ],
          [
            72.92120452206473,
            19.12813863405265
          ],
          [
            72.92134652162919,
            19.12785337203159
          ],
          [
            72.92188495737135,
            19.1264830478331
          ],
          [
            72.92219286653764,
            19.12610465876346
          ],
          [
            72.92255224096273,
            19.12594245411261
          ],
          [
            72.92319419553341,
            19.12580194531778
          ],
          [
            72.92441737741048,
            19.12554150125755
          ],
          [
            72.92574489082482,
            19.12541484507908
          ],
          [
            72.92772620494274,
            19.1253271204387
          ],
          [
            72.92893258674606,
            19.12533436634403
          ],
          [
            72.93085513262186,
            19.12516326490642
          ],
          [
            72.93213592252751,
            19.12506650292883
          ],
          [
            72.93455153576869,
            19.12495976241814
          ],
          [
            72.93531925517226,
            19.12489917292635
          ],
          [
            72.93701015424375,
            19.12480976535953
          ],
          [
            72.9379803853967,
            19.12438246677475
          ],
          [
            72.93826292453038,
            19.12420728848293
          ],
          [
            72.93856958960178,
            19.12405557257729
          ],
          [
            72.9389242098672,
            19.12518540057429
          ],
          [
            72.94060001663918,
            19.12873982138461
          ],
          [
            72.94076259880919,
            19.12919940868221
          ],
          [
            72.94272899330356,
            19.13250944368041
          ],
          [
            72.9437506662832,
            19.1339947908812
          ]
        ]
      },
      "properties": {
        "line_id": "6",
        "line_name": "Line 6 (Pink Line)",
        "status": "under_construction",
        "network": "metro",
        "transit_type": "metro",
        "is_operational": false,
        "color": "#F99FC9",
        "stroke_width": 3.5,
        "dasharray": [
          2,
          2
        ],
        "station_count": 13,
        "start_station": "Swami Samarth Nagar",
        "end_station": "Vikhroli (EEH)"
      }
    },
    {
      "type": "Feature",
      "geometry": {
        "type": "LineString",
        "coordinates": [
          [
            72.86760344284276,
            19.25152541085792
          ],
          [
            72.8661138763839,
            19.24911988184299
          ],
          [
            72.86529415985729,
            19.24797221235193
          ],
          [
            72.8649605708434,
            19.24732047835417
          ],
          [
            72.86485597221973,
            19.24687817005236
          ],
          [
            72.86463055978658,
            19.24593037280203
          ],
          [
            72.86425781721914,
            19.24332914430483
          ],
          [
            72.86379940483549,
            19.24025263744859
          ],
          [
            72.86363773670229,
            19.23932711397615
          ],
          [
            72.86320936972011,
            19.23661092417597
          ],
          [
            72.86316993502628,
            19.23588696934444
          ],
          [
            72.86320215813917,
            19.23469049357093
          ],
          [
            72.86319023974092,
            19.2328712263249
          ],
          [
            72.86321163132638,
            19.22942550260744
          ],
          [
            72.86324506409899,
            19.2283752244294
          ],
          [
            72.8633107817517,
            19.22711898445775
          ],
          [
            72.86341483037646,
            19.22673203625682
          ],
          [
            72.86373888202573,
            19.22577285567961
          ],
          [
            72.8642844146692,
            19.22424940346866
          ],
          [
            72.86473621547518,
            19.22308218179699
          ],
          [
            72.86518742804346,
            19.22158537523022
          ],
          [
            72.86540741445648,
            19.22095553908009
          ],
          [
            72.86592325865506,
            19.21950794506467
          ],
          [
            72.86611091682603,
            19.21895837556688
          ],
          [
            72.86631248882688,
            19.21848910947186
          ],
          [
            72.86680646652707,
            19.21720288937532
          ],
          [
            72.86767218126606,
            19.21458577559893
          ],
          [
            72.86812384097966,
            19.21317928823547
          ],
          [
            72.8682967772818,
            19.21246952574634
          ],
          [
            72.8683616227653,
            19.21192113520942
          ],
          [
            72.86839076493105,
            19.21121596066799
          ],
          [
            72.86836492685708,
            19.21080524181195
          ],
          [
            72.86826460187541,
            19.21010240873859
          ],
          [
            72.86804445260036,
            19.20934332395246
          ],
          [
            72.86766819463051,
            19.20855702202836
          ],
          [
            72.86694883984838,
            19.20749215695251
          ],
          [
            72.86622041761876,
            19.20675238449563
          ],
          [
            72.86568005468182,
            19.20622398657845
          ],
          [
            72.86522549862443,
            19.2057528870807
          ],
          [
            72.8634374567628,
            19.20391378830001
          ],
          [
            72.86247587874244,
            19.20294670490863
          ],
          [
            72.86199661814086,
            19.20221264888831
          ],
          [
            72.86179839611899,
            19.2018865237221
          ],
          [
            72.8615364294201,
            19.20128989369138
          ],
          [
            72.86107077288224,
            19.20012963042305
          ],
          [
            72.86091993190561,
            19.19947446094432
          ],
          [
            72.8606866275493,
            19.19820716239035
          ],
          [
            72.86018466106471,
            19.19591382954729
          ],
          [
            72.85987225132412,
            19.19459313268441
          ],
          [
            72.85967929643206,
            19.19406970009787
          ],
          [
            72.85950083752039,
            19.19359680669186
          ],
          [
            72.85881157226332,
            19.1924598272457
          ],
          [
            72.85829421022652,
            19.19153912956882
          ],
          [
            72.85825771893656,
            19.19039876576417
          ],
          [
            72.85839683385353,
            19.1895433803419
          ],
          [
            72.85850322548228,
            19.18901037612951
          ],
          [
            72.85855071137706,
            19.18719037605084
          ],
          [
            72.8585031483892,
            19.18516362104218
          ],
          [
            72.85838088886138,
            19.18430174926142
          ],
          [
            72.85834302546849,
            19.18403970069103
          ],
          [
            72.85835788342133,
            19.18293315695188
          ],
          [
            72.85828444133418,
            19.18148512761763
          ],
          [
            72.85822616017582,
            19.18081995143016
          ],
          [
            72.85832596376233,
            19.17962585151281
          ],
          [
            72.85830991359109,
            19.17823797761704
          ],
          [
            72.8586883046566,
            19.17698894127589
          ],
          [
            72.85908584449282,
            19.17595102911371
          ],
          [
            72.859272204091,
            19.17509430474023
          ],
          [
            72.85930429700645,
            19.17405381667801
          ],
          [
            72.85920060558712,
            19.17309950582666
          ],
          [
            72.8588860824542,
            19.17049296235441
          ],
          [
            72.85875982205634,
            19.16931901310729
          ],
          [
            72.85847729403822,
            19.16698723537622
          ],
          [
            72.85816317112432,
            19.16436082668174
          ],
          [
            72.85788247685913,
            19.16207711844528
          ],
          [
            72.85750465334604,
            19.15955127188424
          ],
          [
            72.85695137938556,
            19.15565250520927
          ],
          [
            72.85659204778723,
            19.15252175742868
          ],
          [
            72.85600998049641,
            19.14658250142917
          ],
          [
            72.85588249397607,
            19.14534638662595
          ],
          [
            72.85515152364536,
            19.14289434936506
          ],
          [
            72.85464810016212,
            19.14073666670973
          ],
          [
            72.85488549666076,
            19.13810437419566
          ],
          [
            72.85517393232934,
            19.13686030482226
          ],
          [
            72.85526439556543,
            19.13430767138217
          ],
          [
            72.8552502480114,
            19.13292069616179
          ],
          [
            72.85547962480967,
            19.1286420021576
          ],
          [
            72.8555498521881,
            19.12702433214532
          ],
          [
            72.85621752962055,
            19.12573904832605
          ],
          [
            72.85676507207685,
            19.1245198330239
          ],
          [
            72.85652094299931,
            19.12279785659617
          ],
          [
            72.856056681382,
            19.12054041144678
          ],
          [
            72.85524194388645,
            19.11488937333906
          ],
          [
            72.85403276848206,
            19.10909536706878
          ],
          [
            72.85373480772623,
            19.10766119782206
          ],
          [
            72.85400786124859,
            19.10613174934484
          ],
          [
            72.85439402913951,
            19.10424080203302
          ],
          [
            72.85456172377177,
            19.10364631113642
          ],
          [
            72.85487397509752,
            19.1030802400116
          ],
          [
            72.85557252734388,
            19.10266584261461
          ],
          [
            72.85671525206767,
            19.1024391957832
          ],
          [
            72.85742554591624,
            19.10238824148097
          ],
          [
            72.85888333548023,
            19.10223727135552
          ],
          [
            72.86093222867319,
            19.10220029420506
          ],
          [
            72.86185356549288,
            19.10207687812559
          ],
          [
            72.86430194901013,
            19.10254498506657
          ],
          [
            72.8655200291938,
            19.10265009653822
          ],
          [
            72.86946709402368,
            19.10247696778036
          ],
          [
            72.87056746379287,
            19.10249600707402
          ],
          [
            72.87222935527387,
            19.10222775311674
          ],
          [
            72.87297050353534,
            19.10223123366286
          ],
          [
            72.87336415702792,
            19.10225976335723
          ],
          [
            72.87422478387629,
            19.10222252147141
          ],
          [
            72.87450395705854,
            19.10221203247985
          ]
        ]
      },
      "properties": {
        "line_id": "7",
        "line_name": "Line 7 (Red Line)",
        "status": "operational",
        "network": "metro",
        "transit_type": "metro",
        "is_operational": true,
        "color": "#D83431",
        "stroke_width": 4.5,
        "dasharray": [],
        "station_count": 13,
        "start_station": "Ovaripada",
        "end_station": "Gundavali"
      }
    },
    {
      "type": "Feature",
      "geometry": {
        "type": "LineString",
        "coordinates": [
          [
            72.85408039977223,
            19.10588835945292
          ],
          [
            72.87446849008457,
            19.10208794823952
          ]
        ]
      },
      "properties": {
        "line_id": "7A",
        "line_name": "Line 7A (Red Line Extension)",
        "status": "under_construction",
        "network": "metro",
        "transit_type": "metro",
        "is_operational": false,
        "color": "#D83431",
        "stroke_width": 3.5,
        "dasharray": [
          2,
          2
        ],
        "station_count": 2,
        "start_station": "Airport Colony",
        "end_station": "CSIA"
      }
    },
    {
      "type": "Feature",
      "geometry": {
        "type": "LineString",
        "coordinates": [
          [
            72.86697215540136,
            19.25096576390909
          ],
          [
            72.8725892945066,
            19.2597987019458
          ],
          [
            72.88070121318611,
            19.27102115816425
          ],
          [
            72.88026560932819,
            19.27772302062882
          ]
        ]
      },
      "properties": {
        "line_id": "9",
        "line_name": "Line 9 (Red Line Extension) (Phase 1 Operational)",
        "status": "operational",
        "network": "metro",
        "transit_type": "metro",
        "is_operational": true,
        "color": "#D83431",
        "stroke_width": 4.5,
        "dasharray": [],
        "station_count": 4,
        "start_station": "Dahisar East",
        "end_station": "Kashigaon"
      }
    },
    {
      "type": "Feature",
      "geometry": {
        "type": "LineString",
        "coordinates": [
          [
            72.88026560932819,
            19.27772302062882
          ],
          [
            72.87101662753071,
            19.28447848971463
          ],
          [
            72.86008687782892,
            19.29395472365761
          ],
          [
            72.8494063174249,
            19.29493042904111
          ],
          [
            72.84349424031727,
            19.29433675869909
          ]
        ]
      },
      "properties": {
        "line_id": "9",
        "line_name": "Line 9 (Red Line Extension) (Phase 2 Extension)",
        "status": "under_construction",
        "network": "metro",
        "transit_type": "metro",
        "is_operational": false,
        "color": "#D83431",
        "stroke_width": 3.5,
        "dasharray": [
          2,
          2
        ],
        "station_count": 4,
        "start_station": "Sai Baba Nagar",
        "end_station": "Subhash Chandra Bose Stadium"
      }
    },
    {
      "type": "Feature",
      "geometry": {
        "type": "LineString",
        "coordinates": [
          [
            73.12796415712869,
            19.23912058112507
          ],
          [
            73.12583228388047,
            19.23768247848534
          ],
          [
            73.12552959408502,
            19.23738699070852
          ],
          [
            73.12488443083095,
            19.23662226049795
          ],
          [
            73.12433673927154,
            19.23605355821043
          ],
          [
            73.12290487922891,
            19.23525651913579
          ],
          [
            73.12218510985801,
            19.23501755254735
          ],
          [
            73.12162821566028,
            19.23471264080696
          ],
          [
            73.12062639129871,
            19.23387793204234
          ],
          [
            73.12006897259434,
            19.23347409491604
          ],
          [
            73.11970602636157,
            19.23311653837964
          ],
          [
            73.11952394725664,
            19.23259438599683
          ],
          [
            73.11953528666633,
            19.23206862290264
          ],
          [
            73.11966568496634,
            19.23159430327457
          ],
          [
            73.11979101152473,
            19.23141341648895
          ],
          [
            73.12025414895369,
            19.23126368231413
          ],
          [
            73.12065276384716,
            19.2310233815274
          ],
          [
            73.12101892836692,
            19.23061450773867
          ],
          [
            73.12193966319849,
            19.22962469143943
          ],
          [
            73.12243590446592,
            19.22905243366888
          ],
          [
            73.12342197763037,
            19.22791050123509
          ],
          [
            73.12370781174029,
            19.22745215964543
          ],
          [
            73.12379635927623,
            19.22711810349967
          ],
          [
            73.12383107908094,
            19.22690647641483
          ],
          [
            73.12351705377628,
            19.22542960019866
          ],
          [
            73.12318682428295,
            19.22451701627817
          ],
          [
            73.12291657863823,
            19.22407264254783
          ],
          [
            73.12246830078165,
            19.22371644817099
          ],
          [
            73.12202556110269,
            19.22332049592348
          ],
          [
            73.12173664164517,
            19.22298068354754
          ],
          [
            73.12159392235775,
            19.22269663210475
          ],
          [
            73.12155461515725,
            19.22235437835754
          ],
          [
            73.12138800562144,
            19.2210607725969
          ],
          [
            73.12134815709716,
            19.22093381302244
          ],
          [
            73.12084521570465,
            19.22040924940774
          ],
          [
            73.11996022791244,
            19.21912363750156
          ],
          [
            73.11830424530743,
            19.21724402971883
          ],
          [
            73.1174298468755,
            19.21611832648776
          ],
          [
            73.11643875222023,
            19.21484923156489
          ],
          [
            73.1154486371917,
            19.21354276495577
          ],
          [
            73.1144502925795,
            19.21243693292608
          ],
          [
            73.11334761596103,
            19.21133061626229
          ],
          [
            73.11241293255412,
            19.21039442644119
          ],
          [
            73.11133678777713,
            19.20929676240996
          ],
          [
            73.11053073326494,
            19.208549338562
          ],
          [
            73.10930310294724,
            19.20732104201516
          ],
          [
            73.10811034947629,
            19.20613432281655
          ],
          [
            73.10618465613074,
            19.20413639384167
          ],
          [
            73.10456224044731,
            19.20249638158808
          ],
          [
            73.10319550784263,
            19.20114606295151
          ],
          [
            73.10159103346712,
            19.19949824904191
          ],
          [
            73.1003897099928,
            19.19818534861568
          ],
          [
            73.0996757991166,
            19.19750045011483
          ],
          [
            73.09947838128953,
            19.1972305896773
          ],
          [
            73.09831741047037,
            19.19561142358916
          ],
          [
            73.09708220157404,
            19.19396832260484
          ],
          [
            73.09598440140527,
            19.19242902658393
          ],
          [
            73.09495374998458,
            19.19098682698552
          ],
          [
            73.09361820741903,
            19.18926470830347
          ],
          [
            73.09273188919508,
            19.18802659231899
          ],
          [
            73.092439941799,
            19.18769428860274
          ],
          [
            73.0921057971999,
            19.18717532099509
          ],
          [
            73.09127103225781,
            19.18591018865379
          ],
          [
            73.09050567621179,
            19.18450668667287
          ],
          [
            73.08987478066464,
            19.18293084203941
          ],
          [
            73.08935952218751,
            19.18172988093619
          ],
          [
            73.0893830686817,
            19.18161301589643
          ],
          [
            73.08999824685682,
            19.1812975365538
          ],
          [
            73.09067532613498,
            19.18096287366683
          ],
          [
            73.09286402017098,
            19.17977086224781
          ],
          [
            73.09294741021138,
            19.17974157799048
          ],
          [
            73.0930079969774,
            19.17969022896801
          ],
          [
            73.0930214567445,
            19.17951464656923
          ],
          [
            73.09299561269864,
            19.17932630681258
          ],
          [
            73.09424152667745,
            19.17280188376471
          ],
          [
            73.09445718464542,
            19.17136635079178
          ],
          [
            73.09438726054611,
            19.17090559639156
          ],
          [
            73.09439273200492,
            19.17067230413345
          ],
          [
            73.09444740226203,
            19.17030329866315
          ],
          [
            73.09440883632764,
            19.16869215852218
          ],
          [
            73.09430053125953,
            19.16805334512458
          ],
          [
            73.09424303724737,
            19.16737569768524
          ],
          [
            73.09415792052982,
            19.16680512194615
          ],
          [
            73.09415077998034,
            19.16679734584591
          ],
          [
            73.09388905060946,
            19.16633637020876
          ],
          [
            73.09387518218956,
            19.16632196559863
          ],
          [
            73.09316042034726,
            19.16548230756301
          ],
          [
            73.09173823466048,
            19.16349964122093
          ],
          [
            73.09139729870361,
            19.16310652992701
          ],
          [
            73.09093746122382,
            19.16293629444272
          ],
          [
            73.09019062292641,
            19.16286666455311
          ],
          [
            73.08965121251374,
            19.1627371753731
          ],
          [
            73.0878780867733,
            19.1623028880237
          ],
          [
            73.08727487305092,
            19.16211006491901
          ],
          [
            73.08677487881778,
            19.1617889731174
          ],
          [
            73.08490561101743,
            19.16068628389122
          ],
          [
            73.0847157857522,
            19.16042451387542
          ],
          [
            73.08355137365938,
            19.15890084844266
          ],
          [
            73.08222109373574,
            19.15794064468534
          ],
          [
            73.08219852444797,
            19.15780548471112
          ],
          [
            73.08192820103163,
            19.15719487899019
          ],
          [
            73.08160613281368,
            19.15628199874821
          ],
          [
            73.08123902925354,
            19.15563358422615
          ],
          [
            73.08127159078911,
            19.1545574572804
          ],
          [
            73.08153977122508,
            19.15360388431138
          ],
          [
            73.08218343227028,
            19.1515823683893
          ],
          [
            73.08348558318137,
            19.14775197831591
          ],
          [
            73.08396929840316,
            19.14643884700834
          ],
          [
            73.08447910258636,
            19.14624071257248
          ],
          [
            73.08769510485243,
            19.14590131455327
          ],
          [
            73.09019471622513,
            19.14497957306238
          ],
          [
            73.09108394946368,
            19.14366773706245
          ],
          [
            73.0916109811242,
            19.14295128266246
          ],
          [
            73.09221839465515,
            19.14213762204364
          ],
          [
            73.09248520309586,
            19.14188737116172
          ],
          [
            73.09243126374479,
            19.14126140748361
          ],
          [
            73.09313301770652,
            19.13717918944939
          ],
          [
            73.0939417847049,
            19.13366758171025
          ],
          [
            73.09413013648067,
            19.13100228995064
          ],
          [
            73.09456843195564,
            19.12850379888647
          ],
          [
            73.09475774137447,
            19.12731148841179
          ],
          [
            73.09519914717747,
            19.12538506375167
          ],
          [
            73.09592910113393,
            19.12297935078481
          ],
          [
            73.0967262022428,
            19.12068675220477
          ],
          [
            73.09684004060917,
            19.11967666558726
          ],
          [
            73.09751291856979,
            19.11734222646612
          ],
          [
            73.09759617219973,
            19.11608781793291
          ],
          [
            73.09755630225534,
            19.1158284394988
          ],
          [
            73.09758459396934,
            19.11042342359386
          ],
          [
            73.09740111422929,
            19.10985493378539
          ],
          [
            73.09577838228051,
            19.10717371957151
          ],
          [
            73.0956912350032,
            19.10703374837741
          ],
          [
            73.09497351827139,
            19.10501221019129
          ],
          [
            73.09422071110116,
            19.10324879310396
          ],
          [
            73.09133092235027,
            19.10010225252782
          ],
          [
            73.0902663634553,
            19.09783648015893
          ],
          [
            73.08885080731953,
            19.0963215637981
          ],
          [
            73.08742610223857,
            19.09479786299189
          ],
          [
            73.08635265750172,
            19.0920587972417
          ],
          [
            73.0860510492066,
            19.09098662817424
          ],
          [
            73.0858760668487,
            19.09024428962165
          ],
          [
            73.08590218833962,
            19.08949258719755
          ],
          [
            73.0862414245154,
            19.08657371207367
          ],
          [
            73.08728019017707,
            19.08342092002123
          ],
          [
            73.0882377796944,
            19.08055889669086
          ],
          [
            73.08917503528204,
            19.07786363393665
          ],
          [
            73.08884503848368,
            19.0771245957342
          ],
          [
            73.08828684059482,
            19.07644583152359
          ],
          [
            73.0875910564632,
            19.07621486639754
          ],
          [
            73.08688772534421,
            19.07574958915617
          ],
          [
            73.08634394430136,
            19.07533597479329
          ],
          [
            73.08584962069413,
            19.07494463533426
          ],
          [
            73.08538847497559,
            19.07462314897611
          ],
          [
            73.08457820905019,
            19.07400287104268
          ],
          [
            73.08416260521682,
            19.0737661054246
          ],
          [
            73.08391031201681,
            19.07363288304379
          ],
          [
            73.08359598330462,
            19.07355137740343
          ],
          [
            73.08324213348887,
            19.07362019864358
          ],
          [
            73.08265583273983,
            19.0736996307525
          ],
          [
            73.08184851264822,
            19.07380398587116
          ]
        ]
      },
      "properties": {
        "line_id": "12",
        "line_name": "Line 12 (Orange Line Extension)",
        "status": "under_construction",
        "network": "metro",
        "transit_type": "metro",
        "is_operational": false,
        "color": "#FF8200",
        "stroke_width": 3.5,
        "dasharray": [
          2,
          2
        ],
        "station_count": 19,
        "start_station": "Kalyan",
        "end_station": "Amandoot / Taloja"
      }
    }
  ]
}