<?xml version="1.0" encoding="UTF-8"?>
<kml xmlns="http://www.opengis.net/kml/2.2" xmlns:gx="http://www.google.com/kml/ext/2.2" xmlns:kml="http://www.opengis.net/kml/2.2" xmlns:atom="http://www.w3.org/2005/Atom">
<Document>
	<name>Mumbai Metro.kmz</name>
	<open>1</open>
	<description>Created by adipatil06 on IG</description>
	<ExtendedData>
		<Data name="Author">
			<value>thataditya06</value>
		</Data>
	</ExtendedData>
	<atom:link rel="app" href="https://www.google.com/earth/about/versions/#earth-pro" title="Google Earth Pro 7.3.7.1155"></atom:link>
	<StyleMap id="m_ylw-pushpin00">
		<Pair>
			<key>normal</key>
			<styleUrl>#s_ylw-pushpin50</styleUrl>
		</Pair>
		<Pair>
			<key>highlight</key>
			<styleUrl>#s_ylw-pushpin_hl300</styleUrl>
		</Pair>
	</StyleMap>
	<StyleMap id="m_ylw-pushpin001">
		<Pair>
			<key>normal</key>
			<styleUrl>#s_ylw-pushpin001</styleUrl>
		</Pair>
		<Pair>
			<key>highlight</key>
			<styleUrl>#s_ylw-pushpin_hl020</styleUrl>
		</Pair>
	</StyleMap>
	<StyleMap id="m_ylw-pushpin010">
		<Pair>
			<key>normal</key>
			<styleUrl>#s_ylw-pushpin300</styleUrl>
		</Pair>
		<Pair>
			<key>highlight</key>
			<styleUrl>#s_ylw-pushpin_hl11</styleUrl>
		</Pair>
	</StyleMap>
	<StyleMap id="m_ylw-pushpin021">
		<Pair>
			<key>normal</key>
			<styleUrl>#s_ylw-pushpin11</styleUrl>
		</Pair>
		<Pair>
			<key>highlight</key>
			<styleUrl>#s_ylw-pushpin_hl002</styleUrl>
		</Pair>
	</StyleMap>
	<StyleMap id="m_ylw-pushpin10">
		<Pair>
			<key>normal</key>
			<styleUrl>#s_ylw-pushpin200</styleUrl>
		</Pair>
		<Pair>
			<key>highlight</key>
			<styleUrl>#s_ylw-pushpin_hl010</styleUrl>
		</Pair>
	</StyleMap>
	<StyleMap id="m_ylw-pushpin21">
		<Pair>
			<key>normal</key>
			<styleUrl>#s_ylw-pushpin31</styleUrl>
		</Pair>
		<Pair>
			<key>highlight</key>
			<styleUrl>#s_ylw-pushpin_hl31</styleUrl>
		</Pair>
	</StyleMap>
	<StyleMap id="m_ylw-pushpin300">
		<Pair>
			<key>normal</key>
			<styleUrl>#s_ylw-pushpin21</styleUrl>
		</Pair>
		<Pair>
			<key>highlight</key>
			<styleUrl>#s_ylw-pushpin_hl20</styleUrl>
		</Pair>
	</StyleMap>
	<StyleMap id="m_ylw-pushpin31">
		<Pair>
			<key>normal</key>
			<styleUrl>#s_ylw-pushpin02</styleUrl>
		</Pair>
		<Pair>
			<key>highlight</key>
			<styleUrl>#s_ylw-pushpin_hl</styleUrl>
		</Pair>
	</StyleMap>
	<StyleMap id="m_ylw-pushpin40">
		<Pair>
			<key>normal</key>
			<styleUrl>#s_ylw-pushpin40</styleUrl>
		</Pair>
		<Pair>
			<key>highlight</key>
			<styleUrl>#s_ylw-pushpin_hl03</styleUrl>
		</Pair>
	</StyleMap>
	<StyleMap id="m_ylw-pushpin5">
		<Pair>
			<key>normal</key>
			<styleUrl>#s_ylw-pushpin</styleUrl>
		</Pair>
		<Pair>
			<key>highlight</key>
			<styleUrl>#s_ylw-pushpin_hl40</styleUrl>
		</Pair>
	</StyleMap>
	<StyleMap id="msn_Metro Line 1 (Blue)0">
		<Pair>
			<key>normal</key>
			<styleUrl>#sn_Metro Line 1 (Blue)0</styleUrl>
		</Pair>
		<Pair>
			<key>highlight</key>
			<styleUrl>#sh_Metro Line 1 (Blue)0</styleUrl>
		</Pair>
	</StyleMap>
	<StyleMap id="msn_download (4)00">
		<Pair>
			<key>normal</key>
			<styleUrl>#sn_download (4)1</styleUrl>
		</Pair>
		<Pair>
			<key>highlight</key>
			<styleUrl>#sh_download (4)00</styleUrl>
		</Pair>
	</StyleMap>
	<StyleMap id="msn_download (4)1">
		<Pair>
			<key>normal</key>
			<styleUrl>#sn_download (4)00</styleUrl>
		</Pair>
		<Pair>
			<key>highlight</key>
			<styleUrl>#sh_download (4)1</styleUrl>
		</Pair>
	</StyleMap>
	<StyleMap id="msn_download (6)0">
		<Pair>
			<key>normal</key>
			<styleUrl>#sn_download (6)0</styleUrl>
		</Pair>
		<Pair>
			<key>highlight</key>
			<styleUrl>#sh_download (6)0</styleUrl>
		</Pair>
	</StyleMap>
	<StyleMap id="msn_mmm000">
		<Pair>
			<key>normal</key>
			<styleUrl>#sn_mmm00</styleUrl>
		</Pair>
		<Pair>
			<key>highlight</key>
			<styleUrl>#sh_mmm00</styleUrl>
		</Pair>
	</StyleMap>
	<StyleMap id="msn_mmm01">
		<Pair>
			<key>normal</key>
			<styleUrl>#sn_mmm10</styleUrl>
		</Pair>
		<Pair>
			<key>highlight</key>
			<styleUrl>#sh_mmm10</styleUrl>
		</Pair>
	</StyleMap>
	<StyleMap id="msn_mmm1">
		<Pair>
			<key>normal</key>
			<styleUrl>#sn_mmm2</styleUrl>
		</Pair>
		<Pair>
			<key>highlight</key>
			<styleUrl>#sh_mmm2</styleUrl>
		</Pair>
	</StyleMap>
	<StyleMap id="msn_ylw-pushpin00">
		<Pair>
			<key>normal</key>
			<styleUrl>#sn_ylw-pushpin80</styleUrl>
		</Pair>
		<Pair>
			<key>highlight</key>
			<styleUrl>#sh_ylw-pushpin22</styleUrl>
		</Pair>
	</StyleMap>
	<StyleMap id="msn_ylw-pushpin001">
		<Pair>
			<key>normal</key>
			<styleUrl>#sn_ylw-pushpin0001</styleUrl>
		</Pair>
		<Pair>
			<key>highlight</key>
			<styleUrl>#sh_ylw-pushpin101</styleUrl>
		</Pair>
	</StyleMap>
	<StyleMap id="msn_ylw-pushpin010">
		<Pair>
			<key>normal</key>
			<styleUrl>#sn_ylw-pushpin21</styleUrl>
		</Pair>
		<Pair>
			<key>highlight</key>
			<styleUrl>#sh_ylw-pushpin50</styleUrl>
		</Pair>
	</StyleMap>
	<StyleMap id="msn_ylw-pushpin1000">
		<Pair>
			<key>normal</key>
			<styleUrl>#sn_ylw-pushpin200</styleUrl>
		</Pair>
		<Pair>
			<key>highlight</key>
			<styleUrl>#sh_ylw-pushpin0001</styleUrl>
		</Pair>
	</StyleMap>
	<StyleMap id="msn_ylw-pushpin101">
		<Pair>
			<key>normal</key>
			<styleUrl>#sn_ylw-pushpin001</styleUrl>
		</Pair>
		<Pair>
			<key>highlight</key>
			<styleUrl>#sh_ylw-pushpin200</styleUrl>
		</Pair>
	</StyleMap>
	<StyleMap id="msn_ylw-pushpin12">
		<Pair>
			<key>normal</key>
			<styleUrl>#sn_ylw-pushpin51</styleUrl>
		</Pair>
		<Pair>
			<key>highlight</key>
			<styleUrl>#sh_ylw-pushpin80</styleUrl>
		</Pair>
	</StyleMap>
	<StyleMap id="msn_ylw-pushpin200">
		<Pair>
			<key>normal</key>
			<styleUrl>#sn_ylw-pushpin12</styleUrl>
		</Pair>
		<Pair>
			<key>highlight</key>
			<styleUrl>#sh_ylw-pushpin300</styleUrl>
		</Pair>
	</StyleMap>
	<StyleMap id="msn_ylw-pushpin22">
		<Pair>
			<key>normal</key>
			<styleUrl>#sn_ylw-pushpin60</styleUrl>
		</Pair>
		<Pair>
			<key>highlight</key>
			<styleUrl>#sh_ylw-pushpin600</styleUrl>
		</Pair>
	</StyleMap>
	<StyleMap id="msn_ylw-pushpin30">
		<Pair>
			<key>normal</key>
			<styleUrl>#sn_ylw-pushpin500</styleUrl>
		</Pair>
		<Pair>
			<key>highlight</key>
			<styleUrl>#sh_ylw-pushpin40</styleUrl>
		</Pair>
	</StyleMap>
	<StyleMap id="msn_ylw-pushpin400">
		<Pair>
			<key>normal</key>
			<styleUrl>#sn_ylw-pushpin70</styleUrl>
		</Pair>
		<Pair>
			<key>highlight</key>
			<styleUrl>#sh_ylw-pushpin70</styleUrl>
		</Pair>
	</StyleMap>
	<StyleMap id="msn_ylw-pushpin41">
		<Pair>
			<key>normal</key>
			<styleUrl>#sn_ylw-pushpin41</styleUrl>
		</Pair>
		<Pair>
			<key>highlight</key>
			<styleUrl>#sh_ylw-pushpin00</styleUrl>
		</Pair>
	</StyleMap>
	<StyleMap id="msn_ylw-pushpin500">
		<Pair>
			<key>normal</key>
			<styleUrl>#sn_ylw-pushpin400</styleUrl>
		</Pair>
		<Pair>
			<key>highlight</key>
			<styleUrl>#sh_ylw-pushpin31</styleUrl>
		</Pair>
	</StyleMap>
	<StyleMap id="msn_ylw-pushpin51">
		<Pair>
			<key>normal</key>
			<styleUrl>#sn_ylw-pushpin02</styleUrl>
		</Pair>
		<Pair>
			<key>highlight</key>
			<styleUrl>#sh_ylw-pushpin61</styleUrl>
		</Pair>
	</StyleMap>
	<StyleMap id="msn_ylw-pushpin60">
		<Pair>
			<key>normal</key>
			<styleUrl>#sn_ylw-pushpin30</styleUrl>
		</Pair>
		<Pair>
			<key>highlight</key>
			<styleUrl>#sh_ylw-pushpin110</styleUrl>
		</Pair>
	</StyleMap>
	<StyleMap id="msn_ylw-pushpin70">
		<Pair>
			<key>normal</key>
			<styleUrl>#sn_ylw-pushpin90</styleUrl>
		</Pair>
		<Pair>
			<key>highlight</key>
			<styleUrl>#sh_ylw-pushpin12</styleUrl>
		</Pair>
	</StyleMap>
	<Style id="s_ylw-pushpin">
		<IconStyle>
			<scale>0.9</scale>
			<Icon>
				<href>download (5).png</href>
			</Icon>
			<hotSpot x="0.5" y="0.5" xunits="fraction" yunits="fraction"/>
		</IconStyle>
	</Style>
	<Style id="s_ylw-pushpin001">
		<IconStyle>
			<scale>0.9</scale>
			<Icon>
				<href>C:/Users/Admin/AppData/LocalLow/Google/GoogleEarth/mmm.png</href>
			</Icon>
			<hotSpot x="0.5" y="0.5" xunits="fraction" yunits="fraction"/>
		</IconStyle>
	</Style>
	<Style id="s_ylw-pushpin02">
		<IconStyle>
			<scale>0.9</scale>
			<Icon>
				<href>download (3).png</href>
			</Icon>
			<hotSpot x="0.5" y="0.5" xunits="fraction" yunits="fraction"/>
		</IconStyle>
	</Style>
	<Style id="s_ylw-pushpin11">
		<IconStyle>
			<scale>1.1</scale>
			<Icon>
				<href>http://maps.google.com/mapfiles/kml/pushpin/ylw-pushpin.png</href>
			</Icon>
			<hotSpot x="20" y="2" xunits="pixels" yunits="pixels"/>
		</IconStyle>
		<LineStyle>
			<color>fff2b23a</color>
			<width>5</width>
		</LineStyle>
	</Style>
	<Style id="s_ylw-pushpin200">
		<IconStyle>
			<scale>0.9</scale>
			<Icon>
				<href>download (3).png</href>
			</Icon>
			<hotSpot x="0.5" y="0.5" xunits="fraction" yunits="fraction"/>
		</IconStyle>
	</Style>
	<Style id="s_ylw-pushpin21">
		<IconStyle>
			<scale>0.9</scale>
			<Icon>
				<href>mmm.png</href>
			</Icon>
			<hotSpot x="0.5" y="0.5" xunits="fraction" yunits="fraction"/>
		</IconStyle>
	</Style>
	<Style id="s_ylw-pushpin300">
		<IconStyle>
			<scale>1.1</scale>
			<Icon>
				<href>download (4).png</href>
			</Icon>
			<hotSpot x="0.5" y="0.5" xunits="fraction" yunits="fraction"/>
		</IconStyle>
	</Style>
	<Style id="s_ylw-pushpin31">
		<IconStyle>
			<scale>0.9</scale>
			<Icon>
				<href>mmm.png</href>
			</Icon>
			<hotSpot x="0.5" y="0.5" xunits="fraction" yunits="fraction"/>
		</IconStyle>
	</Style>
	<Style id="s_ylw-pushpin40">
		<IconStyle>
			<scale>1.1</scale>
			<Icon>
				<href>download (4).png</href>
			</Icon>
			<hotSpot x="0.5" y="0.5" xunits="fraction" yunits="fraction"/>
		</IconStyle>
	</Style>
	<Style id="s_ylw-pushpin50">
		<IconStyle>
			<scale>1.1</scale>
			<Icon>
				<href>http://maps.google.com/mapfiles/kml/pushpin/ylw-pushpin.png</href>
			</Icon>
			<hotSpot x="20" y="2" xunits="pixels" yunits="pixels"/>
		</IconStyle>
		<LineStyle>
			<color>ffa21f7b</color>
			<width>5</width>
		</LineStyle>
	</Style>
	<Style id="s_ylw-pushpin_hl">
		<IconStyle>
			<scale>1.06364</scale>
			<Icon>
				<href>download (3).png</href>
			</Icon>
			<hotSpot x="0.5" y="0.5" xunits="fraction" yunits="fraction"/>
		</IconStyle>
	</Style>
	<Style id="s_ylw-pushpin_hl002">
		<IconStyle>
			<scale>1.3</scale>
			<Icon>
				<href>http://maps.google.com/mapfiles/kml/pushpin/ylw-pushpin.png</href>
			</Icon>
			<hotSpot x="20" y="2" xunits="pixels" yunits="pixels"/>
		</IconStyle>
		<LineStyle>
			<color>fff2b23a</color>
			<width>5</width>
		</LineStyle>
	</Style>
	<Style id="s_ylw-pushpin_hl010">
		<IconStyle>
			<scale>1.06364</scale>
			<Icon>
				<href>download (3).png</href>
			</Icon>
			<hotSpot x="0.5" y="0.5" xunits="fraction" yunits="fraction"/>
		</IconStyle>
	</Style>
	<Style id="s_ylw-pushpin_hl020">
		<IconStyle>
			<scale>1.06364</scale>
			<Icon>
				<href>C:/Users/Admin/AppData/LocalLow/Google/GoogleEarth/mmm.png</href>
			</Icon>
			<hotSpot x="0.5" y="0.5" xunits="fraction" yunits="fraction"/>
		</IconStyle>
	</Style>
	<Style id="s_ylw-pushpin_hl03">
		<IconStyle>
			<scale>1.3</scale>
			<Icon>
				<href>download (4).png</href>
			</Icon>
			<hotSpot x="0.5" y="0.5" xunits="fraction" yunits="fraction"/>
		</IconStyle>
	</Style>
	<Style id="s_ylw-pushpin_hl11">
		<IconStyle>
			<scale>1.3</scale>
			<Icon>
				<href>download (4).png</href>
			</Icon>
			<hotSpot x="0.5" y="0.5" xunits="fraction" yunits="fraction"/>
		</IconStyle>
	</Style>
	<Style id="s_ylw-pushpin_hl20">
		<IconStyle>
			<scale>1.06364</scale>
			<Icon>
				<href>mmm.png</href>
			</Icon>
			<hotSpot x="0.5" y="0.5" xunits="fraction" yunits="fraction"/>
		</IconStyle>
	</Style>
	<Style id="s_ylw-pushpin_hl300">
		<IconStyle>
			<scale>1.3</scale>
			<Icon>
				<href>http://maps.google.com/mapfiles/kml/pushpin/ylw-pushpin.png</href>
			</Icon>
			<hotSpot x="20" y="2" xunits="pixels" yunits="pixels"/>
		</IconStyle>
		<LineStyle>
			<color>ffa21f7b</color>
			<width>5</width>
		</LineStyle>
	</Style>
	<Style id="s_ylw-pushpin_hl31">
		<IconStyle>
			<scale>1.06364</scale>
			<Icon>
				<href>mmm.png</href>
			</Icon>
			<hotSpot x="0.5" y="0.5" xunits="fraction" yunits="fraction"/>
		</IconStyle>
	</Style>
	<Style id="s_ylw-pushpin_hl40">
		<IconStyle>
			<scale>1.06364</scale>
			<Icon>
				<href>download (5).png</href>
			</Icon>
			<hotSpot x="0.5" y="0.5" xunits="fraction" yunits="fraction"/>
		</IconStyle>
	</Style>
	<Style id="sh_Metro Line 1 (Blue)0">
		<IconStyle>
			<scale>1.05</scale>
			<Icon>
				<href>C:/Users/Admin/AppData/LocalLow/Google/GoogleEarth/Metro Line 1 (Blue).png</href>
			</Icon>
		</IconStyle>
	</Style>
	<Style id="sh_download (4)00">
		<IconStyle>
			<scale>1.06364</scale>
			<Icon>
				<href>download (4).png</href>
			</Icon>
		</IconStyle>
	</Style>
	<Style id="sh_download (4)1">
		<IconStyle>
			<scale>1.06364</scale>
			<Icon>
				<href>download (4).png</href>
			</Icon>
		</IconStyle>
	</Style>
	<Style id="sh_download (6)0">
		<IconStyle>
			<scale>1.06364</scale>
			<Icon>
				<href>download (6).png</href>
			</Icon>
		</IconStyle>
	</Style>
	<Style id="sh_mmm00">
		<IconStyle>
			<scale>1.06364</scale>
			<Icon>
				<href>mmm.png</href>
			</Icon>
		</IconStyle>
	</Style>
	<Style id="sh_mmm10">
		<IconStyle>
			<scale>1.06364</scale>
			<Icon>
				<href>C:/Users/Admin/AppData/LocalLow/Google/GoogleEarth/mmm.png</href>
			</Icon>
		</IconStyle>
	</Style>
	<Style id="sh_mmm2">
		<IconStyle>
			<scale>1.06364</scale>
			<Icon>
				<href>mmm.png</href>
			</Icon>
		</IconStyle>
	</Style>
	<Style id="sh_ylw-pushpin00">
		<IconStyle>
			<scale>1.3</scale>
			<Icon>
				<href>http://maps.google.com/mapfiles/kml/pushpin/ylw-pushpin.png</href>
			</Icon>
			<hotSpot x="20" y="2" xunits="pixels" yunits="pixels"/>
		</IconStyle>
		<LineStyle>
			<color>ff000000</color>
			<width>5</width>
		</LineStyle>
	</Style>
	<Style id="sh_ylw-pushpin0001">
		<IconStyle>
			<scale>1.3</scale>
			<Icon>
				<href>http://maps.google.com/mapfiles/kml/pushpin/ylw-pushpin.png</href>
			</Icon>
			<hotSpot x="20" y="2" xunits="pixels" yunits="pixels"/>
		</IconStyle>
		<LineStyle>
			<color>ff00d7ff</color>
			<width>5</width>
		</LineStyle>
	</Style>
	<Style id="sh_ylw-pushpin101">
		<IconStyle>
			<scale>1.3</scale>
			<Icon>
				<href>http://maps.google.com/mapfiles/kml/pushpin/ylw-pushpin.png</href>
			</Icon>
			<hotSpot x="20" y="2" xunits="pixels" yunits="pixels"/>
		</IconStyle>
		<LineStyle>
			<color>ff50af4c</color>
			<width>5</width>
		</LineStyle>
	</Style>
	<Style id="sh_ylw-pushpin110">
		<IconStyle>
			<scale>1.3</scale>
			<Icon>
				<href>http://maps.google.com/mapfiles/kml/pushpin/ylw-pushpin.png</href>
			</Icon>
			<hotSpot x="20" y="2" xunits="pixels" yunits="pixels"/>
		</IconStyle>
		<LineStyle>
			<color>ffb469ff</color>
			<width>5</width>
		</LineStyle>
	</Style>
	<Style id="sh_ylw-pushpin12">
		<IconStyle>
			<scale>1.3</scale>
			<Icon>
				<href>http://maps.google.com/mapfiles/kml/pushpin/ylw-pushpin.png</href>
			</Icon>
			<hotSpot x="20" y="2" xunits="pixels" yunits="pixels"/>
		</IconStyle>
		<LineStyle>
			<color>ff9e9e9e</color>
			<width>3</width>
		</LineStyle>
	</Style>
	<Style id="sh_ylw-pushpin200">
		<IconStyle>
			<scale>1.3</scale>
			<Icon>
				<href>http://maps.google.com/mapfiles/kml/pushpin/ylw-pushpin.png</href>
			</Icon>
			<hotSpot x="20" y="2" xunits="pixels" yunits="pixels"/>
		</IconStyle>
		<LineStyle>
			<color>ff50af4c</color>
			<width>5</width>
		</LineStyle>
	</Style>
	<Style id="sh_ylw-pushpin22">
		<IconStyle>
			<scale>1.3</scale>
			<Icon>
				<href>http://maps.google.com/mapfiles/kml/pushpin/ylw-pushpin.png</href>
			</Icon>
			<hotSpot x="20" y="2" xunits="pixels" yunits="pixels"/>
		</IconStyle>
		<LineStyle>
			<color>ff008cff</color>
			<width>5</width>
		</LineStyle>
	</Style>
	<Style id="sh_ylw-pushpin300">
		<IconStyle>
			<scale>1.3</scale>
			<Icon>
				<href>http://maps.google.com/mapfiles/kml/pushpin/ylw-pushpin.png</href>
			</Icon>
			<hotSpot x="20" y="2" xunits="pixels" yunits="pixels"/>
		</IconStyle>
		<LineStyle>
			<color>ffc2ff0b</color>
			<width>4</width>
		</LineStyle>
	</Style>
	<Style id="sh_ylw-pushpin31">
		<IconStyle>
			<scale>1.3</scale>
			<Icon>
				<href>http://maps.google.com/mapfiles/kml/pushpin/ylw-pushpin.png</href>
			</Icon>
			<hotSpot x="20" y="2" xunits="pixels" yunits="pixels"/>
		</IconStyle>
		<LineStyle>
			<color>ff27a2c9</color>
			<width>5</width>
		</LineStyle>
	</Style>
	<Style id="sh_ylw-pushpin40">
		<IconStyle>
			<scale>1.3</scale>
			<Icon>
				<href>http://maps.google.com/mapfiles/kml/pushpin/ylw-pushpin.png</href>
			</Icon>
			<hotSpot x="20" y="2" xunits="pixels" yunits="pixels"/>
		</IconStyle>
		<LineStyle>
			<color>ff3539e5</color>
			<width>5</width>
		</LineStyle>
	</Style>
	<Style id="sh_ylw-pushpin50">
		<IconStyle>
			<scale>1.3</scale>
			<Icon>
				<href>http://maps.google.com/mapfiles/kml/pushpin/ylw-pushpin.png</href>
			</Icon>
			<hotSpot x="20" y="2" xunits="pixels" yunits="pixels"/>
		</IconStyle>
		<LineStyle>
			<color>ff601bd8</color>
			<width>5</width>
		</LineStyle>
	</Style>
	<Style id="sh_ylw-pushpin600">
		<IconStyle>
			<scale>1.3</scale>
			<Icon>
				<href>http://maps.google.com/mapfiles/kml/pushpin/ylw-pushpin.png</href>
			</Icon>
			<hotSpot x="20" y="2" xunits="pixels" yunits="pixels"/>
		</IconStyle>
		<LineStyle>
			<color>ff008cff</color>
			<width>5</width>
		</LineStyle>
	</Style>
	<Style id="sh_ylw-pushpin61">
		<IconStyle>
			<scale>1.3</scale>
			<Icon>
				<href>http://maps.google.com/mapfiles/kml/pushpin/ylw-pushpin.png</href>
			</Icon>
			<hotSpot x="20" y="2" xunits="pixels" yunits="pixels"/>
		</IconStyle>
		<LineStyle>
			<color>ff2c4e8c</color>
			<width>5</width>
		</LineStyle>
	</Style>
	<Style id="sh_ylw-pushpin70">
		<IconStyle>
			<scale>1.3</scale>
			<Icon>
				<href>http://maps.google.com/mapfiles/kml/pushpin/ylw-pushpin.png</href>
			</Icon>
			<hotSpot x="20" y="2" xunits="pixels" yunits="pixels"/>
		</IconStyle>
		<LineStyle>
			<color>ff50af4c</color>
			<width>5</width>
		</LineStyle>
	</Style>
	<Style id="sh_ylw-pushpin80">
		<IconStyle>
			<scale>1.3</scale>
			<Icon>
				<href>http://maps.google.com/mapfiles/kml/pushpin/ylw-pushpin.png</href>
			</Icon>
			<hotSpot x="20" y="2" xunits="pixels" yunits="pixels"/>
		</IconStyle>
		<LineStyle>
			<color>ff3539e5</color>
			<width>5</width>
		</LineStyle>
	</Style>
	<Style id="sn_Metro Line 1 (Blue)0">
		<IconStyle>
			<scale>0.9</scale>
			<Icon>
				<href>C:/Users/Admin/AppData/LocalLow/Google/GoogleEarth/Metro Line 1 (Blue).png</href>
			</Icon>
		</IconStyle>
	</Style>
	<Style id="sn_download (4)00">
		<IconStyle>
			<scale>0.9</scale>
			<Icon>
				<href>download (4).png</href>
			</Icon>
		</IconStyle>
	</Style>
	<Style id="sn_download (4)1">
		<IconStyle>
			<scale>0.9</scale>
			<Icon>
				<href>download (4).png</href>
			</Icon>
		</IconStyle>
	</Style>
	<Style id="sn_download (6)0">
		<IconStyle>
			<scale>0.9</scale>
			<Icon>
				<href>download (6).png</href>
			</Icon>
		</IconStyle>
	</Style>
	<Style id="sn_mmm00">
		<IconStyle>
			<scale>0.9</scale>
			<Icon>
				<href>mmm.png</href>
			</Icon>
		</IconStyle>
	</Style>
	<Style id="sn_mmm10">
		<IconStyle>
			<scale>0.9</scale>
			<Icon>
				<href>C:/Users/Admin/AppData/LocalLow/Google/GoogleEarth/mmm.png</href>
			</Icon>
		</IconStyle>
	</Style>
	<Style id="sn_mmm2">
		<IconStyle>
			<scale>0.9</scale>
			<Icon>
				<href>mmm.png</href>
			</Icon>
		</IconStyle>
	</Style>
	<Style id="sn_ylw-pushpin0001">
		<IconStyle>
			<scale>1.1</scale>
			<Icon>
				<href>http://maps.google.com/mapfiles/kml/pushpin/ylw-pushpin.png</href>
			</Icon>
			<hotSpot x="20" y="2" xunits="pixels" yunits="pixels"/>
		</IconStyle>
		<LineStyle>
			<color>ff50af4c</color>
			<width>5</width>
		</LineStyle>
	</Style>
	<Style id="sn_ylw-pushpin001">
		<IconStyle>
			<scale>1.1</scale>
			<Icon>
				<href>http://maps.google.com/mapfiles/kml/pushpin/ylw-pushpin.png</href>
			</Icon>
			<hotSpot x="20" y="2" xunits="pixels" yunits="pixels"/>
		</IconStyle>
		<LineStyle>
			<color>ff50af4c</color>
			<width>5</width>
		</LineStyle>
	</Style>
	<Style id="sn_ylw-pushpin02">
		<IconStyle>
			<scale>1.1</scale>
			<Icon>
				<href>http://maps.google.com/mapfiles/kml/pushpin/ylw-pushpin.png</href>
			</Icon>
			<hotSpot x="20" y="2" xunits="pixels" yunits="pixels"/>
		</IconStyle>
		<LineStyle>
			<color>ff2c4e8c</color>
			<width>5</width>
		</LineStyle>
	</Style>
	<Style id="sn_ylw-pushpin12">
		<IconStyle>
			<scale>1.1</scale>
			<Icon>
				<href>http://maps.google.com/mapfiles/kml/pushpin/ylw-pushpin.png</href>
			</Icon>
			<hotSpot x="20" y="2" xunits="pixels" yunits="pixels"/>
		</IconStyle>
		<LineStyle>
			<color>ffc2ff0b</color>
			<width>4</width>
		</LineStyle>
	</Style>
	<Style id="sn_ylw-pushpin200">
		<IconStyle>
			<scale>1.1</scale>
			<Icon>
				<href>http://maps.google.com/mapfiles/kml/pushpin/ylw-pushpin.png</href>
			</Icon>
			<hotSpot x="20" y="2" xunits="pixels" yunits="pixels"/>
		</IconStyle>
		<LineStyle>
			<color>ff00d7ff</color>
			<width>5</width>
		</LineStyle>
	</Style>
	<Style id="sn_ylw-pushpin21">
		<IconStyle>
			<scale>1.1</scale>
			<Icon>
				<href>http://maps.google.com/mapfiles/kml/pushpin/ylw-pushpin.png</href>
			</Icon>
			<hotSpot x="20" y="2" xunits="pixels" yunits="pixels"/>
		</IconStyle>
		<LineStyle>
			<color>ff601bd8</color>
			<width>5</width>
		</LineStyle>
	</Style>
	<Style id="sn_ylw-pushpin30">
		<IconStyle>
			<scale>1.1</scale>
			<Icon>
				<href>http://maps.google.com/mapfiles/kml/pushpin/ylw-pushpin.png</href>
			</Icon>
			<hotSpot x="20" y="2" xunits="pixels" yunits="pixels"/>
		</IconStyle>
		<LineStyle>
			<color>ffb469ff</color>
			<width>5</width>
		</LineStyle>
	</Style>
	<Style id="sn_ylw-pushpin400">
		<IconStyle>
			<scale>1.1</scale>
			<Icon>
				<href>http://maps.google.com/mapfiles/kml/pushpin/ylw-pushpin.png</href>
			</Icon>
			<hotSpot x="20" y="2" xunits="pixels" yunits="pixels"/>
		</IconStyle>
		<LineStyle>
			<color>ff27a2c9</color>
			<width>5</width>
		</LineStyle>
	</Style>
	<Style id="sn_ylw-pushpin41">
		<IconStyle>
			<scale>1.1</scale>
			<Icon>
				<href>http://maps.google.com/mapfiles/kml/pushpin/ylw-pushpin.png</href>
			</Icon>
			<hotSpot x="20" y="2" xunits="pixels" yunits="pixels"/>
		</IconStyle>
		<LineStyle>
			<color>ff000000</color>
			<width>5</width>
		</LineStyle>
	</Style>
	<Style id="sn_ylw-pushpin500">
		<IconStyle>
			<scale>1.1</scale>
			<Icon>
				<href>http://maps.google.com/mapfiles/kml/pushpin/ylw-pushpin.png</href>
			</Icon>
			<hotSpot x="20" y="2" xunits="pixels" yunits="pixels"/>
		</IconStyle>
		<LineStyle>
			<color>ff3539e5</color>
			<width>5</width>
		</LineStyle>
	</Style>
	<Style id="sn_ylw-pushpin51">
		<IconStyle>
			<scale>1.1</scale>
			<Icon>
				<href>http://maps.google.com/mapfiles/kml/pushpin/ylw-pushpin.png</href>
			</Icon>
			<hotSpot x="20" y="2" xunits="pixels" yunits="pixels"/>
		</IconStyle>
		<LineStyle>
			<color>ff3539e5</color>
			<width>5</width>
		</LineStyle>
	</Style>
	<Style id="sn_ylw-pushpin60">
		<IconStyle>
			<scale>1.1</scale>
			<Icon>
				<href>http://maps.google.com/mapfiles/kml/pushpin/ylw-pushpin.png</href>
			</Icon>
			<hotSpot x="20" y="2" xunits="pixels" yunits="pixels"/>
		</IconStyle>
		<LineStyle>
			<color>ff008cff</color>
			<width>5</width>
		</LineStyle>
	</Style>
	<Style id="sn_ylw-pushpin70">
		<IconStyle>
			<scale>1.1</scale>
			<Icon>
				<href>http://maps.google.com/mapfiles/kml/pushpin/ylw-pushpin.png</href>
			</Icon>
			<hotSpot x="20" y="2" xunits="pixels" yunits="pixels"/>
		</IconStyle>
		<LineStyle>
			<color>ff50af4c</color>
			<width>5</width>
		</LineStyle>
	</Style>
	<Style id="sn_ylw-pushpin80">
		<IconStyle>
			<scale>1.1</scale>
			<Icon>
				<href>http://maps.google.com/mapfiles/kml/pushpin/ylw-pushpin.png</href>
			</Icon>
			<hotSpot x="20" y="2" xunits="pixels" yunits="pixels"/>
		</IconStyle>
		<LineStyle>
			<color>ff008cff</color>
			<width>5</width>
		</LineStyle>
	</Style>
	<Style id="sn_ylw-pushpin90">
		<IconStyle>
			<scale>1.1</scale>
			<Icon>
				<href>http://maps.google.com/mapfiles/kml/pushpin/ylw-pushpin.png</href>
			</Icon>
			<hotSpot x="20" y="2" xunits="pixels" yunits="pixels"/>
		</IconStyle>
		<LineStyle>
			<color>ff9e9e9e</color>
			<width>3</width>
		</LineStyle>
	</Style>
	<Folder>
		<name>Mumbai Metro</name>
		<open>1</open>
		<Folder>
			<name>Metro Line 1 (Blue)</name>
			<Placemark>
				<name>Metro Line 1 (Blue)</name>
				<styleUrl>#m_ylw-pushpin021</styleUrl>
				<LineString>
					<tessellate>1</tessellate>
					<coordinates>
						72.90805702971048,19.08676336579391,0 72.90781895039429,19.08899303578069,0 72.90785894416089,19.0900367238494,0 72.90768613047118,19.09069731450459,0 72.90751545271723,19.09107293660882,0 72.90692506966242,19.09125988033141,0 72.9057784770249,19.09109978971998,0 72.90508400933163,19.09114991003522,0 72.90437202187482,19.09131878749554,0 72.90261020890472,19.09213018851179,0 72.90130408753852,19.09293119945879,0 72.90047488436228,19.09326370086973,0 72.89962775540346,19.09351564200467,0 72.89827167849879,19.09430915374402,0 72.89761151877592,19.09473287765885,0 72.89687259825122,19.09518100002363,0 72.89528517105951,19.09614503710675,0 72.89420821447457,19.0968173173478,0 72.8934464045138,19.09734820017976,0 72.89248262197856,19.09863723606831,0 72.89150881443523,19.1002655077166,0 72.89124971883068,19.10077727324309,0 72.89098494685032,19.10103758249497,0 72.89034752407214,19.10170159104181,0 72.88866178372773,19.10307669354135,0 72.88801639672229,19.10347180288806,0 72.88683253705616,19.10421241095318,0 72.88614677682089,19.10476772152859,0 72.88451653025344,19.10671991432513,0 72.8836804664933,19.10729908257407,0 72.88178538745358,19.10748321108505,0 72.88121470428774,19.10755051141941,0 72.88003089627145,19.10795675922909,0 72.87767169914765,19.10885203561763,0 72.87176490437074,19.1109219198905,0 72.86733472303244,19.11225766021896,0 72.86445875713427,19.11294827591042,0 72.86284868698819,19.11380744851009,0 72.86117040364283,19.11465776708021,0 72.86032634197836,19.11488860117657,0 72.85789009313697,19.11517692909832,0 72.85616958196815,19.11603925816727,0 72.853634969757,19.11752058019889,0 72.84883398180894,19.12054485863829,0 72.8449765405671,19.12281219433276,0 72.84237174124131,19.12404948764554,0 72.84213741494383,19.12425465255908,0 72.84196199494797,19.12455739928882,0 72.84147954598002,19.12552071126198,0 72.84089133391139,19.12608652398013,0 72.83964133728728,19.12648832332078,0 72.83758578892535,19.12698885303697,0 72.83660172870258,19.12719095382646,0 72.83600704915153,19.12720602595958,0 72.83486522023135,19.12728573113665,0 72.83145587739517,19.12807602734508,0 72.83021732226361,19.12836434814825,0 72.82767471322666,19.12896139526453,0 72.82473411096581,19.12958550042991,0 72.82141891328715,19.13035470285779,0 
					</coordinates>
				</LineString>
			</Placemark>
			<Placemark>
				<name>घाटकोपर, Ghatkopar</name>
				<visibility>0</visibility>
				<LookAt>
					<longitude>72.90715955144013</longitude>
					<latitude>19.08733186226467</latitude>
					<altitude>0</altitude>
					<heading>0.00154244933437438</heading>
					<tilt>30.00200467437895</tilt>
					<range>446.3180357348652</range>
					<gx:altitudeMode>relativeToSeaFloor</gx:altitudeMode>
				</LookAt>
				<styleUrl>#msn_Metro Line 1 (Blue)0</styleUrl>
				<Point>
					<gx:drawOrder>1</gx:drawOrder>
					<coordinates>72.90806848421259,19.08678273475152,0</coordinates>
				</Point>
			</Placemark>
			<Placemark>
				<name>Jagruti Nagar, जागृती नगर</name>
				<visibility>0</visibility>
				<LookAt>
					<longitude>72.90238402305697</longitude>
					<latitude>19.09207535548324</latitude>
					<altitude>0</altitude>
					<heading>-5.704103684734768</heading>
					<tilt>17.3067366441284</tilt>
					<range>719.2942537846471</range>
					<gx:altitudeMode>relativeToSeaFloor</gx:altitudeMode>
				</LookAt>
				<styleUrl>#msn_Metro Line 1 (Blue)0</styleUrl>
				<Point>
					<gx:drawOrder>1</gx:drawOrder>
					<coordinates>72.90238402305697,19.09207535548324,0</coordinates>
				</Point>
			</Placemark>
			<Placemark>
				<name>Asalpha, असल्फा</name>
				<visibility>0</visibility>
				<LookAt>
					<longitude>72.89740445861742</longitude>
					<latitude>19.09624236997769</latitude>
					<altitude>0</altitude>
					<heading>-0.0008712171620441066</heading>
					<tilt>27.7130269380422</tilt>
					<range>876.6309514231087</range>
					<gx:altitudeMode>relativeToSeaFloor</gx:altitudeMode>
				</LookAt>
				<styleUrl>#msn_Metro Line 1 (Blue)0</styleUrl>
				<Point>
					<gx:drawOrder>1</gx:drawOrder>
					<coordinates>72.89497019841521,19.09634572918786,0</coordinates>
				</Point>
			</Placemark>
			<Placemark>
				<name>Saki Naka,
साकीनाका</name>
				<visibility>0</visibility>
				<LookAt>
					<longitude>72.88986021304535</longitude>
					<latitude>19.10373093421503</latitude>
					<altitude>0</altitude>
					<heading>-0.003595058093838433</heading>
					<tilt>29.01922562648412</tilt>
					<range>1276.398010809738</range>
					<gx:altitudeMode>relativeToSeaFloor</gx:altitudeMode>
				</LookAt>
				<styleUrl>#msn_Metro Line 1 (Blue)0</styleUrl>
				<Point>
					<gx:drawOrder>1</gx:drawOrder>
					<coordinates>72.88804351666566,19.10347318402334,0</coordinates>
				</Point>
			</Placemark>
			<Placemark>
				<name>Marol Naka,
मरोळ नाका</name>
				<visibility>0</visibility>
				<LookAt>
					<longitude>72.87876888807831</longitude>
					<latitude>19.10934203426253</latitude>
					<altitude>0</altitude>
					<heading>-0.007419597311733991</heading>
					<tilt>30.0068638640502</tilt>
					<range>1528.146964473576</range>
					<gx:altitudeMode>relativeToSeaFloor</gx:altitudeMode>
				</LookAt>
				<styleUrl>#msn_Metro Line 1 (Blue)0</styleUrl>
				<Point>
					<gx:drawOrder>1</gx:drawOrder>
					<coordinates>72.87957203456432,19.1080907971696,0</coordinates>
				</Point>
			</Placemark>
			<Placemark>
				<name>Airport Road,
विमानतळ रस्ता</name>
				<visibility>0</visibility>
				<LookAt>
					<longitude>72.87876888807831</longitude>
					<latitude>19.10934203426253</latitude>
					<altitude>0</altitude>
					<heading>-0.007419597311733991</heading>
					<tilt>30.0068638640502</tilt>
					<range>1528.146964473576</range>
					<gx:altitudeMode>relativeToSeaFloor</gx:altitudeMode>
				</LookAt>
				<styleUrl>#msn_Metro Line 1 (Blue)0</styleUrl>
				<Point>
					<gx:drawOrder>1</gx:drawOrder>
					<coordinates>72.87431495142233,19.11015087346307,0</coordinates>
				</Point>
			</Placemark>
			<Placemark>
				<name>Chakala / JB Nagar,
चकाला (जे.बी.नगर) स्टेशन</name>
				<visibility>0</visibility>
				<LookAt>
					<longitude>72.87404928727294</longitude>
					<latitude>19.11134669129543</latitude>
					<altitude>0</altitude>
					<heading>-0.008964693721661809</heading>
					<tilt>30.00686386405014</tilt>
					<range>1528.146964475483</range>
					<gx:altitudeMode>relativeToSeaFloor</gx:altitudeMode>
				</LookAt>
				<styleUrl>#msn_Metro Line 1 (Blue)0</styleUrl>
				<Point>
					<gx:drawOrder>1</gx:drawOrder>
					<coordinates>72.86777350124957,19.11200289145861,0</coordinates>
				</Point>
			</Placemark>
			<Placemark>
				<name>Western Exp Highway, पश्चिम द्रुतगती महामार्ग</name>
				<visibility>0</visibility>
				<LookAt>
					<longitude>72.8578014299999</longitude>
					<latitude>19.11612505730932</latitude>
					<altitude>0</altitude>
					<heading>-0.01428242740437128</heading>
					<tilt>30.00513091129379</tilt>
					<range>1142.337818102339</range>
					<gx:altitudeMode>relativeToSeaFloor</gx:altitudeMode>
				</LookAt>
				<styleUrl>#msn_Metro Line 1 (Blue)0</styleUrl>
				<Point>
					<gx:drawOrder>1</gx:drawOrder>
					<coordinates>72.85653266213818,19.11587289181413,0</coordinates>
				</Point>
			</Placemark>
			<Placemark>
				<name>अंधेरी, Andheri</name>
				<visibility>0</visibility>
				<LookAt>
					<longitude>72.85087027955829</longitude>
					<latitude>19.11995416366253</latitude>
					<altitude>0</altitude>
					<heading>-0.01655248251225888</heading>
					<tilt>30.0051309112938</tilt>
					<range>1142.337818102312</range>
					<gx:altitudeMode>relativeToSeaFloor</gx:altitudeMode>
				</LookAt>
				<styleUrl>#msn_Metro Line 1 (Blue)0</styleUrl>
				<Point>
					<gx:drawOrder>1</gx:drawOrder>
					<coordinates>72.84882088316151,19.12051733703429,0</coordinates>
				</Point>
			</Placemark>
			<Placemark>
				<name>Azad Nagar. आझाद नगर</name>
				<visibility>0</visibility>
				<LookAt>
					<longitude>72.84101691471363</longitude>
					<latitude>19.12572670308958</latitude>
					<altitude>0</altitude>
					<heading>-0.01938467623597246</heading>
					<tilt>28.39347554201887</tilt>
					<range>1197.224013260279</range>
					<gx:altitudeMode>relativeToSeaFloor</gx:altitudeMode>
				</LookAt>
				<styleUrl>#msn_Metro Line 1 (Blue)0</styleUrl>
				<Point>
					<gx:drawOrder>1</gx:drawOrder>
					<coordinates>72.83783913300927,19.1268840436697,0</coordinates>
				</Point>
			</Placemark>
			<Placemark>
				<name>D N Nagar, डी.एन. नगर</name>
				<visibility>0</visibility>
				<LookAt>
					<longitude>72.83186059837011</longitude>
					<latitude>19.12808783241521</latitude>
					<altitude>0</altitude>
					<heading>-0.02238480302498572</heading>
					<tilt>28.39347554201883</tilt>
					<range>1197.224013260774</range>
					<gx:altitudeMode>relativeToSeaFloor</gx:altitudeMode>
				</LookAt>
				<styleUrl>#msn_Metro Line 1 (Blue)0</styleUrl>
				<Point>
					<gx:drawOrder>1</gx:drawOrder>
					<coordinates>72.83041705316391,19.12828091261969,0</coordinates>
				</Point>
			</Placemark>
			<Placemark>
				<name>वर्सोवा, Versova</name>
				<visibility>0</visibility>
				<LookAt>
					<longitude>72.82221075267559</longitude>
					<latitude>19.13007301694978</latitude>
					<altitude>0</altitude>
					<heading>-0.02554692134120781</heading>
					<tilt>28.39347554201887</tilt>
					<range>1197.224013259936</range>
					<gx:altitudeMode>relativeToSeaFloor</gx:altitudeMode>
				</LookAt>
				<styleUrl>#msn_Metro Line 1 (Blue)0</styleUrl>
				<Point>
					<gx:drawOrder>1</gx:drawOrder>
					<coordinates>72.82153545939327,19.13029733503171,0</coordinates>
				</Point>
			</Placemark>
		</Folder>
		<Folder>
			<name>Metro Line 2 (Yellow)</name>
			<Folder>
				<name>Line 2A</name>
				<Placemark>
					<name>Yellow Line (Line 2A)</name>
					<styleUrl>#msn_ylw-pushpin1000</styleUrl>
					<LineString>
						<tessellate>1</tessellate>
						<coordinates>
							72.83138197068629,19.12890135934623,0 72.8317105455323,19.13032871801854,0 72.83152773892431,19.13130225613826,0 72.83150315087164,19.13174859048952,0 72.83185620823295,19.13349102778747,0 72.8320259562162,19.1343732042971,0 72.83215190143655,19.13505955319264,0 72.83213661355893,19.13607897102458,0 72.83176689809385,19.13985338697522,0 72.83158379463835,19.14197261546703,0 72.83140814448001,19.1440048783295,0 72.83135764906018,19.14492380404798,0 72.83143512420646,19.1452872260683,0 72.83163456361936,19.14559600343994,0 72.83191743515671,19.14583783664958,0 72.83223924021074,19.14595076807846,0 72.83498820617848,19.14613929047351,0 72.83570329316302,19.1462481835413,0 72.83590959146861,19.14632435668965,0 72.83614135428707,19.14646050103116,0 72.83632124173829,19.14663081279301,0 72.8364732723097,19.14688138734641,0 72.83656685242784,19.14715973580785,0 72.83656642290134,19.14748898986981,0 72.83635563798455,19.14893205021825,0 72.83569901035044,19.1533004915332,0 72.83553079895351,19.15431753616173,0 72.83536654288588,19.15531775898916,0 72.83531853264554,19.15558842229417,0 72.83528473373337,19.15613977295313,0 72.83531195183143,19.15818816238709,0 72.8353314259415,19.15907752824346,0 72.83517658452064,19.15979226287394,0 72.83496562522565,19.16055116120873,0 72.83489514703979,19.16152599943101,0 72.83490598006112,19.16312879959216,0 72.83544362899873,19.17011578807861,0 72.83557919859656,19.1706638423145,0 72.83608559800213,19.17221649332091,0 72.83682066999295,19.17397728824959,0 72.83726758763338,19.17531616537497,0 72.83725162667686,19.17592862587745,0 72.83681495663039,19.17849111250913,0 72.83653201931033,19.18016200503829,0 72.83633228797966,19.18082278737788,0 72.83602184966372,19.18203656108646,0 72.83591927354631,19.18293263896209,0 72.83590718092604,19.18481405652917,0 72.83584032037346,19.18713981272996,0 72.8357802339812,19.18799489241966,0 72.83565799449481,19.18884767457684,0 72.83546358612598,19.18978756946948,0 72.83503563387899,19.19132467658183,0 72.83484795317896,19.19211837055864,0 72.83455518219243,19.19299386589473,0 72.83396421531056,19.19448502493087,0 72.83385731141415,19.19486400252611,0 72.83378529162128,19.19526736405122,0 72.83379565126658,19.19607428232112,0 72.83399688659109,19.19890543748533,0 72.83399468114692,19.20194627803638,0 72.83419260015567,19.20323358132167,0 72.83468292356702,19.20595209145498,0 72.83521768208715,19.2088375544635,0 72.83535303198791,19.21008916403373,0 72.83564720462739,19.21096648459649,0 72.83652290730193,19.21283251042918,0 72.8378150170284,19.21457071443926,0 72.83891693098084,19.21567626892871,0 72.83962507763287,19.21643671471507,0 72.84033194678734,19.21782881821559,0 72.8406051295503,19.21877521423252,0 72.84097710677509,19.22070337189323,0 72.84100759162882,19.22370574512698,0 72.84095503690676,19.2255067169034,0 72.84091441017765,19.2266299968187,0 72.84103878430435,19.22803978230434,0 72.84106593295182,19.22916443274485,0 72.84102934041641,19.23034489753032,0 72.8409745921922,19.23070523795661,0 72.84059101172615,19.23494336243175,0 72.84068374679757,19.23567510761743,0 72.84094455316325,19.23683017726342,0 72.84138891371377,19.23770011151016,0 72.84203578655668,19.23882762409876,0 72.84287158096976,19.23979020878678,0 72.84415856983652,19.24114784230067,0 72.84468058331638,19.24176557428153,0 72.84507893436455,19.24247499424341,0 72.84541662080011,19.24370620328335,0 72.84550012458104,19.24432417741213,0 72.84546963017861,19.24561673498897,0 72.84539994061896,19.24719116731999,0 72.84556926189003,19.24868841886355,0 72.8460150053631,19.25043571629066,0 72.84613913842719,19.25085871965564,0 72.8464872788177,19.25170835707691,0 72.84716932652447,19.2529507663433,0 72.84787282167839,19.25396420969263,0 72.84884846442574,19.25516707467304,0 72.84989542019468,19.25607403475,0 72.8508904247557,19.25676350272651,0 72.85175607040381,19.25736778651622,0 72.85320913083733,19.25814417519751,0 72.85426304561143,19.25854594063989,0 72.85660962006968,19.25872076254086,0 72.8627610210455,19.25805117331525,0 72.86590333210469,19.2573697305272,0 72.86821626777159,19.25635072977012,0 72.86866207546484,19.25601395060025,0 72.86905528520879,19.2555286937023,0 72.86919342530074,19.25502752222794,0 72.86920570727368,19.25447959297608,0 72.86900636783268,19.25389975955951,0 72.86664174012434,19.25054174587746,0 
						</coordinates>
					</LineString>
				</Placemark>
				<Placemark>
					<name>अंधेरी (पश्चिम), Andheri (West)</name>
					<visibility>0</visibility>
					<LookAt>
						<longitude>72.83334683308441</longitude>
						<latitude>19.12907929417014</latitude>
						<altitude>0</altitude>
						<heading>-1.628614444224973</heading>
						<tilt>27.09979740286204</tilt>
						<range>807.7722692172865</range>
						<gx:altitudeMode>relativeToSeaFloor</gx:altitudeMode>
					</LookAt>
					<styleUrl>#msn_mmm01</styleUrl>
					<Point>
						<gx:drawOrder>1</gx:drawOrder>
						<coordinates>72.83144644948665,19.12914078482039,0</coordinates>
					</Point>
				</Placemark>
				<Placemark>
					<name>Lower Oshiwara,	लोअर ओशिवरा</name>
					<visibility>0</visibility>
					<LookAt>
						<longitude>72.83391118797759</longitude>
						<latitude>19.13957300017777</latitude>
						<altitude>0</altitude>
						<heading>-1.631039106277741</heading>
						<tilt>23.96135321038035</tilt>
						<range>1226.448575086025</range>
						<gx:altitudeMode>relativeToSeaFloor</gx:altitudeMode>
					</LookAt>
					<styleUrl>#msn_mmm01</styleUrl>
					<Point>
						<gx:drawOrder>1</gx:drawOrder>
						<coordinates>72.83173792136299,19.1406199423947,0</coordinates>
					</Point>
				</Placemark>
				<Placemark>
					<name>Oshiwara, ओशिवरा</name>
					<visibility>0</visibility>
					<LookAt>
						<longitude>72.83451791297914</longitude>
						<latitude>19.14666896843317</latitude>
						<altitude>0</altitude>
						<heading>-1.630800171972134</heading>
						<tilt>27.89073021863082</tilt>
						<range>746.5901909060387</range>
						<gx:altitudeMode>relativeToSeaFloor</gx:altitudeMode>
					</LookAt>
					<styleUrl>#msn_mmm01</styleUrl>
					<Point>
						<gx:drawOrder>1</gx:drawOrder>
						<coordinates>72.83395931308715,19.14605357331175,0</coordinates>
					</Point>
				</Placemark>
				<Placemark>
					<name>गोरेगाव (पश्चिम), Goregaon (West)</name>
					<visibility>0</visibility>
					<LookAt>
						<longitude>72.83643840318167</longitude>
						<latitude>19.15337236732166</latitude>
						<altitude>0</altitude>
						<heading>-1.630312977790479</heading>
						<tilt>26.72903194387034</tilt>
						<range>1059.822752377104</range>
						<gx:altitudeMode>relativeToSeaFloor</gx:altitudeMode>
					</LookAt>
					<styleUrl>#msn_mmm01</styleUrl>
					<Point>
						<gx:drawOrder>1</gx:drawOrder>
						<coordinates>72.83576716787313,19.15320070402559,0</coordinates>
					</Point>
				</Placemark>
				<Placemark>
					<name>Bangur Nagar, बांगूर नगर</name>
					<visibility>0</visibility>
					<LookAt>
						<longitude>72.83592394971461</longitude>
						<latitude>19.16236597379475</latitude>
						<altitude>0</altitude>
						<heading>-1.630498003645873</heading>
						<tilt>26.59160722697008</tilt>
						<range>898.0006706716781</range>
						<gx:altitudeMode>relativeToSeaFloor</gx:altitudeMode>
					</LookAt>
					<styleUrl>#msn_mmm01</styleUrl>
					<Point>
						<gx:drawOrder>1</gx:drawOrder>
						<coordinates>72.83489581697222,19.16236298345489,0</coordinates>
					</Point>
				</Placemark>
				<Placemark>
					<name>Lower Malad, लोअर मालाड</name>
					<visibility>0</visibility>
					<LookAt>
						<longitude>72.83704915066092</longitude>
						<latitude>19.17367398784431</latitude>
						<altitude>0</altitude>
						<heading>-1.630128603565134</heading>
						<tilt>26.59160722697006</tilt>
						<range>898.0006706734151</range>
						<gx:altitudeMode>relativeToSeaFloor</gx:altitudeMode>
					</LookAt>
					<styleUrl>#msn_mmm01</styleUrl>
					<Point>
						<gx:drawOrder>1</gx:drawOrder>
						<coordinates>72.8364591074338,19.17291264195027,0</coordinates>
					</Point>
				</Placemark>
				<Placemark>
					<name>मालाड (पश्चिम), Malad (West)</name>
					<visibility>0</visibility>
					<LookAt>
						<longitude>72.83753489692783</longitude>
						<latitude>19.18658095424</latitude>
						<altitude>0</altitude>
						<heading>-1.629968992117317</heading>
						<tilt>26.59160722697003</tilt>
						<range>898.0006706743324</range>
						<gx:altitudeMode>relativeToSeaFloor</gx:altitudeMode>
					</LookAt>
					<styleUrl>#msn_mmm01</styleUrl>
					<Point>
						<gx:drawOrder>1</gx:drawOrder>
						<coordinates>72.8359066047183,19.18526656459019,0</coordinates>
					</Point>
				</Placemark>
				<Placemark>
					<name>Valnai–Meeth Chowky, वळनई–मीठ चौकी</name>
					<visibility>0</visibility>
					<LookAt>
						<longitude>72.83538204083098</longitude>
						<latitude>19.19737706028677</latitude>
						<altitude>0</altitude>
						<heading>-1.630545343381576</heading>
						<tilt>27.42809515587806</tilt>
						<range>979.1905776972758</range>
						<gx:altitudeMode>relativeToSeaFloor</gx:altitudeMode>
					</LookAt>
					<styleUrl>#msn_mmm01</styleUrl>
					<Point>
						<gx:drawOrder>1</gx:drawOrder>
						<coordinates>72.83386178079705,19.19692279792672,0</coordinates>
					</Point>
				</Placemark>
				<Placemark>
					<name>Dahanukarwadi, डहाणूकरवाडी</name>
					<visibility>0</visibility>
					<LookAt>
						<longitude>72.83600508397986</longitude>
						<latitude>19.20681254915108</latitude>
						<altitude>0</altitude>
						<heading>-1.630340585452383</heading>
						<tilt>27.428095155878</tilt>
						<range>979.1905776981919</range>
						<gx:altitudeMode>relativeToSeaFloor</gx:altitudeMode>
					</LookAt>
					<styleUrl>#msn_mmm01</styleUrl>
					<Point>
						<gx:drawOrder>1</gx:drawOrder>
						<coordinates>72.83478305717374,19.20610319969459,0</coordinates>
					</Point>
				</Placemark>
				<Placemark>
					<name>कांदिवली (पश्चिम), Kandivali (West)</name>
					<visibility>0</visibility>
					<LookAt>
						<longitude>72.83773731199047</longitude>
						<latitude>19.21566743953241</latitude>
						<altitude>0</altitude>
						<heading>-1.629770794526007</heading>
						<tilt>27.42916405563989</tilt>
						<range>1237.540197223172</range>
						<gx:altitudeMode>relativeToSeaFloor</gx:altitudeMode>
					</LookAt>
					<styleUrl>#msn_mmm01</styleUrl>
					<Point>
						<gx:drawOrder>1</gx:drawOrder>
						<coordinates>72.83736524506136,19.21398602821516,0</coordinates>
					</Point>
				</Placemark>
				<Placemark>
					<name>Shimpoli, शिंपोली</name>
					<visibility>0</visibility>
					<LookAt>
						<longitude>72.84214064239194</longitude>
						<latitude>19.22372025859796</latitude>
						<altitude>0</altitude>
						<heading>-1.628321745349878</heading>
						<tilt>27.42916405563989</tilt>
						<range>1237.540197223715</range>
						<gx:altitudeMode>relativeToSeaFloor</gx:altitudeMode>
					</LookAt>
					<styleUrl>#msn_mmm01</styleUrl>
					<Point>
						<gx:drawOrder>1</gx:drawOrder>
						<coordinates>72.84214064239194,19.22372025859796,0</coordinates>
					</Point>
				</Placemark>
				<Placemark>
					<name>बोरीवली (पश्चिम), Borivali (West)</name>
					<visibility>0</visibility>
					<LookAt>
						<longitude>72.84204149508498</longitude>
						<latitude>19.23248499555608</latitude>
						<altitude>0</altitude>
						<heading>-1.628179404069426</heading>
						<tilt>28.39085412672371</tilt>
						<range>1291.107178507139</range>
						<gx:altitudeMode>relativeToSeaFloor</gx:altitudeMode>
					</LookAt>
					<styleUrl>#msn_mmm01</styleUrl>
					<Point>
						<gx:drawOrder>1</gx:drawOrder>
						<coordinates>72.84090613776242,19.23140148593459,0</coordinates>
					</Point>
				</Placemark>
				<Placemark>
					<name>Eksar, एकसर</name>
					<visibility>0</visibility>
					<LookAt>
						<longitude>72.84363376728132</longitude>
						<latitude>19.24111630811134</latitude>
						<altitude>0</altitude>
						<heading>-1.627551846132457</heading>
						<tilt>28.90640579146878</tilt>
						<range>1341.867281252789</range>
						<gx:altitudeMode>relativeToSeaFloor</gx:altitudeMode>
					</LookAt>
					<styleUrl>#msn_mmm01</styleUrl>
					<Point>
						<gx:drawOrder>1</gx:drawOrder>
						<coordinates>72.84353758595992,19.24038590329955,0</coordinates>
					</Point>
				</Placemark>
				<Placemark>
					<name>Mandapeshwar, मंडपेश्वर</name>
					<visibility>0</visibility>
					<LookAt>
						<longitude>72.84669367380334</longitude>
						<latitude>19.2498404231341</latitude>
						<altitude>0</altitude>
						<heading>-1.626543590215537</heading>
						<tilt>28.90640579146878</tilt>
						<range>1341.867281255092</range>
						<gx:altitudeMode>relativeToSeaFloor</gx:altitudeMode>
					</LookAt>
					<styleUrl>#msn_mmm01</styleUrl>
					<Point>
						<gx:drawOrder>1</gx:drawOrder>
						<coordinates>72.84571901037624,19.24943296606419,0</coordinates>
					</Point>
				</Placemark>
				<Placemark>
					<name>Kandarpada, कांदरपाडा</name>
					<visibility>0</visibility>
					<LookAt>
						<longitude>72.85171717797267</longitude>
						<latitude>19.25686856892792</latitude>
						<altitude>0</altitude>
						<heading>-1.624887327857588</heading>
						<tilt>28.90640579146878</tilt>
						<range>1341.867281251667</range>
						<gx:altitudeMode>relativeToSeaFloor</gx:altitudeMode>
					</LookAt>
					<styleUrl>#msn_mmm01</styleUrl>
					<Point>
						<gx:drawOrder>1</gx:drawOrder>
						<coordinates>72.85070840198537,19.25661875422936,0</coordinates>
					</Point>
				</Placemark>
				<Placemark>
					<name>Anand Nagar, आनंद नगर</name>
					<visibility>0</visibility>
					<LookAt>
						<longitude>72.86593607300429</longitude>
						<latitude>19.2567843093047</latitude>
						<altitude>0</altitude>
						<heading>-1.620197991134891</heading>
						<tilt>28.90640579146877</tilt>
						<range>1341.867281253885</range>
						<gx:altitudeMode>relativeToSeaFloor</gx:altitudeMode>
					</LookAt>
					<styleUrl>#msn_mmm01</styleUrl>
					<Point>
						<gx:drawOrder>1</gx:drawOrder>
						<coordinates>72.86601014006138,19.2572703069864,0</coordinates>
					</Point>
				</Placemark>
				<Placemark>
					<name>दहिसर (पूर्व), Dahisar (East)</name>
					<visibility>0</visibility>
					<LookAt>
						<longitude>72.86802789262613</longitude>
						<latitude>19.25196647923797</latitude>
						<altitude>0</altitude>
						<heading>-1.619508023302794</heading>
						<tilt>28.90640579146878</tilt>
						<range>1341.86728125097</range>
						<gx:altitudeMode>relativeToSeaFloor</gx:altitudeMode>
					</LookAt>
					<styleUrl>#msn_mmm01</styleUrl>
					<Point>
						<gx:drawOrder>1</gx:drawOrder>
						<coordinates>72.86697215540136,19.25096576390909,0</coordinates>
					</Point>
				</Placemark>
			</Folder>
			<Folder>
				<name>Line 2B (ong.)</name>
				<Placemark>
					<name>Line 2B</name>
					<styleUrl>#msn_ylw-pushpin1000</styleUrl>
					<LineString>
						<tessellate>1</tessellate>
						<coordinates>
							72.83138909402216,19.12891715158128,0 72.83112314628784,19.12786344021854,0 72.83111334466966,19.12715717208145,0 72.83116980272833,19.12591871037587,0 72.83107187254456,19.12538965801915,0 72.83074018595383,19.12463571875591,0 72.83046197357234,19.12359847585128,0 72.82995244394665,19.12148581909323,0 72.82998105386021,19.11841449163285,0 72.82985586187647,19.11722592941139,0 72.82990210219832,19.11645266301189,0 72.83005818719769,19.11619076444659,0 72.83117038334602,19.11616252238258,0 72.83305796820154,19.11610869504992,0 72.83383309691072,19.11607528569587,0 72.83426013084181,19.11593021387951,0 72.83442178793283,19.11587162891041,0 72.83443019914807,19.11586739880183,0 72.8345391785968,19.11582156277788,0 72.83463948949377,19.11579343627598,0 72.83465195037948,19.11578938850128,0 72.8352544032584,19.11549432254386,0 72.83573978452556,19.1151818898528,0 72.83652226596566,19.11428138080635,0 72.83703582772408,19.1134018719533,0 72.83737656869226,19.11240604107339,0 72.83741201548582,19.1113218475313,0 72.83726773245812,19.11038369817092,0 72.83710008986746,19.10917138221561,0 72.83691046131005,19.10769856077618,0 72.83693887469244,19.1065535078296,0 72.83693806364988,19.10535294838339,0 72.83692885969576,19.10354487210988,0 72.83693322177768,19.10324362575459,0 72.83701478756844,19.10288242824258,0 72.83718880366581,19.10258003615596,0 72.83750461991394,19.10233763285252,0 72.83797723361218,19.10209134894934,0 72.83845275522548,19.10185876406118,0 72.83899358525787,19.10160409790538,0 72.83922964508965,19.10142402112491,0 72.83946610381093,19.10103149243446,0 72.83953702240842,19.10068606246689,0 72.83954639075209,19.09982995321774,0 72.83958532362358,19.09768981822816,0 72.83962435034658,19.09582091785784,0 72.83963973243213,19.09395028593987,0 72.8395991935468,19.09354107063473,0 72.83899844950116,19.09237031394512,0 72.8385741311487,19.0915213386865,0 72.83841073937695,19.09072775652636,0 72.83827868092352,19.08827024985307,0 72.83801436261712,19.08250849393177,0 72.83788072306095,19.07928132656482,0 72.83767723282745,19.07522786670771,0 72.83750626190485,19.0713847921637,0 72.83733927344089,19.06786260947213,0 72.83739195935378,19.0668326381708,0 72.8373352786912,19.0650697155044,0 72.83736943490875,19.06352673344244,0 72.83734837902136,19.06202375381104,0 72.83709979868199,19.05994967053411,0 72.8368623348598,19.0589394926342,0 72.83670763945854,19.05736423186885,0 72.83676800978282,19.05698732853486,0 72.8369014279378,19.05650661337174,0 72.83756759279821,19.05548243497203,0 72.83787211230127,19.05436785038352,0 72.83813323634001,19.0529862875328,0 72.83833038106815,19.05173004552436,0 72.83832866939397,19.05122401521351,0 72.83833815164785,19.05078348407471,0 72.83834847456521,19.0505652914934,0 72.83847941721982,19.05040953933698,0 72.83861990978184,19.05036188364194,0 72.83887332815439,19.0503925121073,0 72.839065202382,19.05041570232098,0 72.8390760631771,19.05041701497468,0 72.83930490269674,19.05048639298196,0 72.83949565231124,19.05047528482074,0 72.83970989540295,19.05048230816154,0 72.84045047569396,19.05075861242424,0 72.8409724401733,19.0509904215726,0 72.8416304977319,19.05128198515946,0 72.84263406656656,19.05167861185826,0 72.84361646809936,19.05210598175874,0 72.8442330268127,19.05227522415889,0 72.84530031151614,19.05238368032201,0 72.84656124072836,19.05265933786389,0 72.84748641450742,19.05273480072721,0 72.84786702873578,19.0528146538725,0 72.84839199713986,19.05304303079691,0 72.8486594216297,19.0532512809537,0 72.84953856164429,19.05420891607737,0 72.84982804082117,19.05455561580336,0 72.85031418838318,19.05507913018163,0 72.85075354427991,19.05545297986278,0 72.85123450919581,19.05587964978249,0 72.8521485377306,19.05679772654479,0 72.85314373477372,19.05767865955527,0 72.85413754631105,19.05867537902143,0 72.85507708377069,19.05946016820971,0 72.85553679032166,19.0598627737325,0 72.85593838719714,19.06013313890779,0 72.85662030395117,19.06044180688067,0 72.85825859134718,19.06073424823338,0 72.85885375558443,19.06091348498499,0 72.85927174580061,19.06135030344404,0 72.85940677815428,19.06174352534956,0 72.85958180683321,19.06253217898819,0 72.85981404259324,19.06318534169386,0 72.86013097326918,19.06367736988197,0 72.8605119690593,19.06412348871605,0 72.86096878823858,19.06445489849879,0 72.86175357276997,19.06494698983518,0 72.86308627093524,19.06578061974766,0 72.86427902809554,19.06647080214018,0 72.86477362407173,19.06684518560692,0 72.86605022593577,19.06762131439555,0 72.8674998957808,19.06852297617588,0 72.86932496449603,19.06966515253936,0 72.87060841933631,19.07041365126616,0 72.87113554360155,19.07084647220935,0 72.87144069502315,19.07114180333382,0 72.87159644458225,19.07149199003533,0 72.87170880026086,19.07194200787137,0 72.87164051708191,19.07240254727236,0 72.87135503202651,19.07330888026566,0 72.87116735336204,19.07382803065403,0 72.87114470352478,19.07432564830445,0 72.87136828475596,19.07448353479233,0 72.87184829544229,19.07467012834206,0 72.87323098061576,19.07527459065193,0 72.8746844417867,19.07594084251925,0 72.87555966539229,19.07633080935443,0 72.8759158050662,19.0764065205633,0 72.87625102677649,19.0764120712406,0 72.87642017706094,19.07638199518496,0 72.87661776521971,19.07632993712297,0 72.8767777340469,19.07626823739549,0 72.87688467274337,19.076171194967,0 72.87700914792467,19.07611698259649,0 72.87828777101859,19.07528770294852,0 72.87943274273363,19.07467420093574,0 72.88089474559705,19.0738304207019,0 72.88194314332058,19.07347799683978,0 72.88263011675109,19.07341997152702,0 72.88304028518235,19.07331124254994,0 72.88345754274148,19.0730972578031,0 72.88400171743895,19.07255916600249,0 72.88482425626036,19.07174109101304,0 72.88515386803108,19.07139030618022,0 72.88564174778064,19.07077662172384,0 72.88638606411577,19.06994189649338,0 72.88765498176826,19.06830660951948,0 72.88797910553808,19.06780871656058,0 72.8879487497004,19.06757229686021,0 72.88785137368619,19.06740928492469,0 72.88626425759986,19.06462928593222,0 72.88571126959843,19.06377603981769,0 72.88463751559605,19.06288971009661,0 72.88380981015042,19.06230507038144,0 72.88364625449131,19.06213581098427,0 72.88358173466555,19.06202337122576,0 72.88362656038271,19.06188011427659,0 72.88369143747809,19.06178097695438,0 72.88369631892408,19.06177067741537,0 72.88380410458447,19.06163284629071,0 72.88380897551917,19.06162779395084,0 72.88435302157083,19.06101025651278,0 72.885323584446,19.05978321192414,0 72.88650738007823,19.05809088627653,0 72.88745353950409,19.05680177615959,0 72.88814141293305,19.05584755386388,0 72.88937793623117,19.05410605584074,0 72.89036746387721,19.05407955935507,0 72.8924750942395,19.05418285908337,0 72.89416899477024,19.05409434558976,0 72.89501973760665,19.05404616755904,0 72.89647374233836,19.05366573760999,0 72.89812871895185,19.05307546336824,0 72.90117735979283,19.05205160884275,0 72.90324824788277,19.05129176960443,0 72.90368474380226,19.05106902096265,0 72.90409003789493,19.05080735521116,0 72.90441243725368,19.0505388377827,0 72.90630711418545,19.04865213809166,0 72.90698365251644,19.04798965618848,0 72.90804036131046,19.0469614712322,0 72.90845191021171,19.04660535483755,0 72.90884166192349,19.04632261004185,0 72.90925592896851,19.04612434655361,0 72.90988795208419,19.04589660571433,0 72.91067858884345,19.04574541333914,0 72.91234163579348,19.04566242149231,0 72.91402946500142,19.04562058136576,0 72.9165734365144,19.04516599235614,0 72.91865180122841,19.04453432009009,0 72.91992104295315,19.04412481958698,0 72.9213904443036,19.04364608762882,0 72.92252734125769,19.04335628807625,0 72.92288965172293,19.04330718644878,0 72.9231365438598,19.04332593530543,0 72.92335413701989,19.04337282358378,0 72.92354478451827,19.04345271357228,0 72.92371022567387,19.04354858354136,0 72.92384424796343,19.04366015831824,0 72.92393525655771,19.04375683594105,0 72.92537868830169,19.04495782532891,0 72.92652429159452,19.04593275877487,0 72.92699856454141,19.046518893332,0 72.92748544073234,19.0469956119979,0 72.92884827830525,19.04819338563022,0 72.92963806014555,19.04867873921389,0 72.93031911096811,19.0489078759952,0 72.9324787340466,19.04965943191372,0 72.93348008354326,19.04999089601193,0 72.93446136913093,19.05007846345963,0 72.93507212180624,19.0502480281767,0 72.93621444993701,19.05068541833887,0 72.93651969883069,19.05073966791741,0 72.93670428715562,19.05077225689232,0 72.93687753634599,19.05077742891119,0 72.93698842484969,19.05074629493394,0 72.9371952439686,19.05070253785691,0 72.93737666048659,19.05063213130396,0 72.93748998213121,19.05052800239724,0 72.93763756581339,19.05039216166628,0 72.93766350704345,19.05038192267541,0 72.9385764436509,19.04963594858789,0 72.93910815625128,19.04916133798354,0 
						</coordinates>
					</LineString>
				</Placemark>
				<Placemark>
					<name>ESIC Nagar, का.रा.वि.म. नगर</name>
					<visibility>0</visibility>
					<LookAt>
						<longitude>72.83327075868792</longitude>
						<latitude>19.11679596888217</latitude>
						<altitude>0</altitude>
						<heading>-2.307120639942505</heading>
						<tilt>22.78063963453634</tilt>
						<range>649.024722919599</range>
						<gx:altitudeMode>relativeToSeaFloor</gx:altitudeMode>
					</LookAt>
					<styleUrl>#m_ylw-pushpin001</styleUrl>
					<Point>
						<gx:drawOrder>1</gx:drawOrder>
						<coordinates>72.83208331306469,19.11610795296951,0</coordinates>
					</Point>
				</Placemark>
				<Placemark>
					<name>Prem Nagar, प्रेम नगर</name>
					<visibility>0</visibility>
					<LookAt>
						<longitude>72.83816353317467</longitude>
						<latitude>19.10959359849513</latitude>
						<altitude>0</altitude>
						<heading>-2.3055185677625</heading>
						<tilt>22.78062275774821</tilt>
						<range>644.1724958338931</range>
						<gx:altitudeMode>relativeToSeaFloor</gx:altitudeMode>
					</LookAt>
					<styleUrl>#m_ylw-pushpin001</styleUrl>
					<Point>
						<gx:drawOrder>1</gx:drawOrder>
						<coordinates>72.83711887642328,19.10934135204122,0</coordinates>
					</Point>
				</Placemark>
				<Placemark>
					<name>Indira Nagar (Vile Parle), इंदिरा नगर (विलेपार्ले)</name>
					<visibility>0</visibility>
					<LookAt>
						<longitude>72.83808417588678</longitude>
						<latitude>19.10448325103468</latitude>
						<altitude>0</altitude>
						<heading>-2.305544677353546</heading>
						<tilt>22.78061622712898</tilt>
						<range>642.294964415445</range>
						<gx:altitudeMode>relativeToSeaFloor</gx:altitudeMode>
					</LookAt>
					<styleUrl>#m_ylw-pushpin001</styleUrl>
					<Point>
						<gx:drawOrder>1</gx:drawOrder>
						<coordinates>72.83693099922252,19.10447047536386,0</coordinates>
					</Point>
				</Placemark>
				<Placemark>
					<name>Nanavati Hospital, नानावटी रुग्णालय</name>
					<visibility>0</visibility>
					<LookAt>
						<longitude>72.84058117173068</longitude>
						<latitude>19.09541111883242</latitude>
						<altitude>0</altitude>
						<heading>-2.304579543664898</heading>
						<tilt>24.02223335450813</tilt>
						<range>521.4460865153346</range>
						<gx:altitudeMode>relativeToSeaFloor</gx:altitudeMode>
					</LookAt>
					<styleUrl>#m_ylw-pushpin001</styleUrl>
					<Point>
						<gx:drawOrder>1</gx:drawOrder>
						<coordinates>72.83964251242178,19.09547515902744,0</coordinates>
					</Point>
				</Placemark>
				<Placemark>
					<name>Khira Nagar, खिरा नगर</name>
					<visibility>0</visibility>
					<LookAt>
						<longitude>72.83795440594371</longitude>
						<latitude>19.08161452720265</latitude>
						<altitude>0</altitude>
						<heading>167.4347477748812</heading>
						<tilt>27.88834194721067</tilt>
						<range>504.5494220819995</range>
						<gx:altitudeMode>relativeToSeaFloor</gx:altitudeMode>
					</LookAt>
					<styleUrl>#m_ylw-pushpin001</styleUrl>
					<Point>
						<gx:drawOrder>1</gx:drawOrder>
						<coordinates>72.83795530740679,19.08193059428232,0</coordinates>
					</Point>
				</Placemark>
				<Placemark>
					<name>Saraswat Nagar, सारस्वत नगर</name>
					<visibility>0</visibility>
					<LookAt>
						<longitude>72.83885083394954</longitude>
						<latitude>19.07314788477381</latitude>
						<altitude>0</altitude>
						<heading>14.49608662816374</heading>
						<tilt>9.07010110972514</tilt>
						<range>609.819046224309</range>
						<gx:altitudeMode>relativeToSeaFloor</gx:altitudeMode>
					</LookAt>
					<styleUrl>#m_ylw-pushpin001</styleUrl>
					<Point>
						<gx:drawOrder>1</gx:drawOrder>
						<coordinates>72.83758441767634,19.07310457278214,0</coordinates>
					</Point>
				</Placemark>
				<Placemark>
					<name>32	चेंबूर, Chembur</name>
					<visibility>0</visibility>
					<LookAt>
						<longitude>72.8937891893448</longitude>
						<latitude>19.05407764355412</latitude>
						<altitude>0</altitude>
						<heading>-3.583906714609887</heading>
						<tilt>29.28174952843329</tilt>
						<range>556.837756855295</range>
						<gx:altitudeMode>relativeToSeaFloor</gx:altitudeMode>
					</LookAt>
					<styleUrl>#m_ylw-pushpin001</styleUrl>
					<Point>
						<gx:drawOrder>1</gx:drawOrder>
						<coordinates>72.89275794998831,19.05415459242203,0</coordinates>
					</Point>
				</Placemark>
				<Placemark>
					<name>33	Diamond Garden, डायमंड गार्डन</name>
					<visibility>0</visibility>
					<LookAt>
						<longitude>72.90456406170385</longitude>
						<latitude>19.05045725123066</latitude>
						<altitude>0</altitude>
						<heading>14.51988677331847</heading>
						<tilt>19.78790857030184</tilt>
						<range>873.5387144364702</range>
						<gx:altitudeMode>relativeToSeaFloor</gx:altitudeMode>
					</LookAt>
					<styleUrl>#m_ylw-pushpin001</styleUrl>
					<Point>
						<gx:drawOrder>1</gx:drawOrder>
						<coordinates>72.90186403105763,19.05178126378758,0</coordinates>
					</Point>
				</Placemark>
				<Placemark>
					<name>34	Shivaji Chowk (Chembur), शिवाजी चौक (चेंबूर)</name>
					<visibility>0</visibility>
					<LookAt>
						<longitude>72.90888587193452</longitude>
						<latitude>19.04743051781935</latitude>
						<altitude>0</altitude>
						<heading>14.52132939433062</heading>
						<tilt>19.97579533113045</tilt>
						<range>906.7202815939833</range>
						<gx:altitudeMode>relativeToSeaFloor</gx:altitudeMode>
					</LookAt>
					<styleUrl>#m_ylw-pushpin001</styleUrl>
					<Point>
						<gx:drawOrder>1</gx:drawOrder>
						<coordinates>72.90705910559601,19.04786033734596,0</coordinates>
					</Point>
				</Placemark>
				<Placemark>
					<name>35	Deonar, देवनार</name>
					<visibility>0</visibility>
					<LookAt>
						<longitude>72.92012196647774</longitude>
						<latitude>19.04403777165326</latitude>
						<altitude>0</altitude>
						<heading>14.52450512943795</heading>
						<tilt>16.44112430766784</tilt>
						<range>796.5735404598835</range>
						<gx:altitudeMode>relativeToSeaFloor</gx:altitudeMode>
					</LookAt>
					<styleUrl>#m_ylw-pushpin001</styleUrl>
					<Point>
						<gx:drawOrder>1</gx:drawOrder>
						<coordinates>72.91745873172904,19.04490287763844,0</coordinates>
					</Point>
				</Placemark>
				<Placemark>
					<name>36	मानखुर्द, Mankhurd</name>
					<visibility>0</visibility>
					<LookAt>
						<longitude>72.93340376243012</longitude>
						<latitude>19.04885901310953</latitude>
						<altitude>0</altitude>
						<heading>14.52883926522977</heading>
						<tilt>16.44115005113423</tilt>
						<range>806.6985702336804</range>
						<gx:altitudeMode>relativeToSeaFloor</gx:altitudeMode>
					</LookAt>
					<styleUrl>#m_ylw-pushpin001</styleUrl>
					<Point>
						<gx:drawOrder>1</gx:drawOrder>
						<coordinates>72.93116908983954,19.04917017701718,0</coordinates>
					</Point>
				</Placemark>
				<Placemark>
					<name>37	Mandale, मंडाले</name>
					<visibility>0</visibility>
					<LookAt>
						<longitude>72.94078311998148</longitude>
						<latitude>19.04933486958389</latitude>
						<altitude>0</altitude>
						<heading>14.53124786394236</heading>
						<tilt>16.44115544466794</tilt>
						<range>808.8200303702758</range>
						<gx:altitudeMode>relativeToSeaFloor</gx:altitudeMode>
					</LookAt>
					<styleUrl>#m_ylw-pushpin001</styleUrl>
					<Point>
						<gx:drawOrder>1</gx:drawOrder>
						<coordinates>72.9384851904635,19.04961564088568,0</coordinates>
					</Point>
				</Placemark>
			</Folder>
		</Folder>
		<Folder>
			<name>Metro Line 3 (Aqua)</name>
			<Placemark>
				<name>Metro Line 3 (Aqua)</name>
				<styleUrl>#msn_ylw-pushpin200</styleUrl>
				<LineString>
					<tessellate>1</tessellate>
					<coordinates>
						72.88425615658828,19.1311275391136,0 72.88165344611454,19.13164798080019,0 72.87998607421231,19.13180671494154,0 72.87909157804397,19.13184571539141,0 72.87812064766736,19.13177349886641,0 72.87750098338739,19.13160028901033,0 72.87697073718083,19.13106817352141,0 72.87644968072978,19.12981744604959,0 72.87365249522482,19.12601134372931,0 72.87258823232861,19.12453343908879,0 72.87160056842055,19.12320162432825,0 72.87080628129769,19.12196091877737,0 72.87054736337396,19.11984292403188,0 72.8704374224607,19.11909022741333,0 72.87130665958784,19.11812510870633,0 72.87362125866579,19.11741771658243,0 72.87436788870986,19.11726484555541,0 72.87748982740528,19.11639960305924,0 72.87978055471896,19.11595298871612,0 72.88038879103757,19.1145007236771,0 72.8801720105178,19.11379054333074,0 72.88009096050543,19.10846030878233,0 72.87965192868572,19.10483542608888,0 72.87935379957898,19.1031076346795,0 72.87889097638332,19.10211202082085,0 72.87732393820569,19.102047580206,0 72.87457952942525,19.10210587255151,0 72.86503673828227,19.10222197577686,0 72.85984648054243,19.1013179771583,0 72.85651951534037,19.09873385783918,0 72.85707747240018,19.09709450436401,0 72.85604798534118,19.09555560560187,0 72.85369209652447,19.0939338234927,0 72.85079911260215,19.09221717580643,0 72.84978934474699,19.09159955817602,0 72.84960080895306,19.09130676998269,0 72.84964662784654,19.09104861248388,0 72.84881722474019,19.09104213706205,0 72.84870022224385,19.0905881444948,0 72.848364042543,19.09005950856827,0 72.8476857014532,19.08941859766579,0 72.84727150864265,19.08897061828672,0 72.84688910348017,19.0880556263305,0 72.84662565282558,19.0871551404747,0 72.84608257637045,19.08581222973185,0 72.84620318480509,19.08515935878607,0 72.84620508125565,19.0851235072728,0 72.8463405665924,19.08406945513637,0 72.84703643943357,19.08056910010449,0 72.84702690504915,19.07900928649979,0 72.84697173300027,19.07478076790786,0 72.84693875423348,19.07242710374745,0 72.84721020659099,19.07226737881867,0 72.84807942456986,19.07220913843881,0 72.8484658762108,19.07189231441044,0 72.84867617162567,19.07144134449679,0 72.84953253838557,19.06997327712549,0 72.85226025840835,19.06507148230322,0 72.85495006265131,19.06042272964105,0 72.85552956350375,19.05937135924367,0 72.85566143322001,19.05852457856686,0 72.85551446936782,19.05720531397187,0 72.85518138411753,19.05636306209224,0 72.85393472536953,19.05504825010063,0 72.85021802657107,19.04632617237088,0 72.84654496086422,19.04158430555218,0 72.84294783051422,19.03901901005721,0 72.8424974561202,19.03875572063992,0 72.84223101611053,19.03843756972859,0 72.84241394151682,19.03621662645163,0 72.84239148354101,19.03418470597264,0 72.84189912242785,19.03063818717012,0 72.84142264835029,19.02833339172146,0 72.84107135697906,19.02672008001191,0 72.8407975944402,19.02543084293198,0 72.84037076849965,19.02487331581472,0 72.83935480052742,19.02370063366767,0 72.83699392243904,19.02217349577545,0 72.83497300398777,19.01982341416218,0 72.83470901744937,19.01909883325519,0 72.83332844490241,19.01825730136385,0 72.83160672465279,19.01647398195483,0 72.83082323556532,19.01591130761357,0 72.83019031549229,19.01595272691426,0 72.82932691136175,19.01632876661457,0 72.82890374743364,19.01624668802606,0 72.82860673171356,19.01608898725785,0 72.82785684151277,19.01564916562563,0 72.8247345602045,19.0135742657496,0 72.8236236071281,19.01309520644307,0 72.82195799900016,19.01217490699971,0 72.8215597474798,19.01185762283073,0 72.82050510724771,19.01060502002721,0 72.81998495602309,19.00970492928159,0 72.81946850460858,19.00871698284702,0 72.81861621237478,19.00732536695462,0 72.8180950058171,19.0062171241659,0 72.81799576142144,19.00557808716968,0 72.8178178677789,19.00512282517805,0 72.81745343431741,19.00478133327041,0 72.81651583897623,19.0039993739728,0 72.81619739905472,19.0035009296425,0 72.81587522162522,19.00301531551771,0 72.81568681432857,19.00248888087524,0 72.81568639977715,19.00161333381451,0 72.81569823051633,19.00127068489172,0 72.8164623704471,19.00060716222862,0 72.81673855851164,19.00028054149819,0 72.81702030542236,18.99944273912348,0 72.81822163590242,18.99720529450799,0 72.82080284594464,18.99210314918897,0 72.82188450719269,18.99029927277187,0 72.82409055935351,18.98598419411782,0 72.82483171112584,18.98457921956812,0 72.82540367363057,18.98343367110311,0 72.82556964732706,18.98301819914842,0 72.82584879537453,18.9822691200027,0 72.82580549455044,18.98159721500408,0 72.8257333410137,18.98106494877923,0 72.82535935419791,18.9795443316638,0 72.8238703206828,18.97623293220879,0 72.823342441115,18.97488907381211,0 72.82213275773184,18.97248494985161,0 72.82172681605766,18.97160499367121,0 72.82150184967816,18.97101283030442,0 72.82147979868888,18.97060753377263,0 72.82083608366358,18.96901843782657,0 72.81913799793216,18.96581466528728,0 72.81798221425365,18.96297458484866,0 72.8176551425381,18.96188329046694,0 72.81751598073473,18.96113148239199,0 72.81747127722002,18.96000738666017,0 72.81751262368824,18.95933209195165,0 72.81839634126881,18.95711572238691,0 72.81902248418145,18.95548315283555,0 72.82021589365797,18.95428081348406,0 72.82265577430248,18.95192136858775,0 72.82344717849428,18.95101071115874,0 72.82489405800644,18.94949906060481,0 72.82551363054233,18.94870253066062,0 72.82646222913387,18.94750108947331,0 72.8269855698605,18.94688584208466,0 72.82791641996228,18.94539714984398,0 72.82816509798189,18.94489348399599,0 72.829188986231,18.94337946565069,0 72.8311146484008,18.94158534107144,0 72.83228844290052,18.94071176955729,0 72.83421916267983,18.93974245827208,0 72.83462638056122,18.93955142169478,0 72.83478155317459,18.93940346353733,0 72.83479221973788,18.93906493653424,0 72.83468584417618,18.93865813725821,0 72.83427442992823,18.93743823649666,0 72.83378640081344,18.93608054940712,0 72.83343448472121,18.93536672388772,0 72.8328798403959,18.93463845668796,0 72.83159711168027,18.93287684998377,0 72.83142935432694,18.93262885656601,0 72.83122302066033,18.93250938227568,0 72.82875128970633,18.93279379721942,0 72.82802105337136,18.93267833444479,0 72.82755857192197,18.93219399413219,0 72.82627085267509,18.93065275188368,0 72.82505004203006,18.92909746076896,0 72.82495275680822,18.92793168718127,0 72.82531868083284,18.9268798413177,0 72.82572212964176,18.92474674490157,0 72.82648255243008,18.92309219667865,0 72.826713939776,18.92263140761626,0 72.82624165805983,18.92082033918108,0 72.82560975950022,18.9189062138346,0 72.82416777184149,18.91724980787055,0 72.82174860164898,18.91451213679521,0 72.82032713437656,18.9130283107556,0 72.81912350650926,18.9116760159718,0 72.81610455912164,18.90806017921615,0 72.8147948327526,18.90678808001589,0 72.81462604725486,18.90672618497282,0 72.81447392224966,18.90676128841003,0 72.81170333628478,18.90701850732395,0 72.80866717610942,18.90739454295384,0 72.80605670510862,18.9077047863429,0 
					</coordinates>
				</LineString>
			</Placemark>
			<Placemark>
				<name>Aarey JVLR, आरे जे.व्ही.एल.आर.</name>
				<visibility>0</visibility>
				<LookAt>
					<longitude>72.88563549647773</longitude>
					<latitude>19.1309104977904</latitude>
					<altitude>0</altitude>
					<heading>1.367676128966058</heading>
					<tilt>27.67348265757031</tilt>
					<range>1298.228725359469</range>
					<gx:altitudeMode>relativeToSeaFloor</gx:altitudeMode>
				</LookAt>
				<styleUrl>#m_ylw-pushpin10</styleUrl>
				<Point>
					<gx:drawOrder>1</gx:drawOrder>
					<coordinates>72.88436375290992,19.13110286483764,0</coordinates>
				</Point>
			</Placemark>
			<Placemark>
				<name>SEEPZ, सीप्झ</name>
				<visibility>0</visibility>
				<LookAt>
					<longitude>72.87604016639365</longitude>
					<latitude>19.12545036887405</latitude>
					<altitude>0</altitude>
					<heading>1.364176910238006</heading>
					<tilt>27.60828306978656</tilt>
					<range>1045.36175845891</range>
					<gx:altitudeMode>relativeToSeaFloor</gx:altitudeMode>
				</LookAt>
				<styleUrl>#m_ylw-pushpin10</styleUrl>
				<Point>
					<gx:drawOrder>1</gx:drawOrder>
					<coordinates>72.87353260558125,19.12574907284021,0</coordinates>
				</Point>
			</Placemark>
			<Placemark>
				<name>MIDC - Andheri, एम.आय.डी.सी. - अंधेरी</name>
				<visibility>0</visibility>
				<LookAt>
					<longitude>72.87549547802837</longitude>
					<latitude>19.11811121389222</latitude>
					<altitude>0</altitude>
					<heading>1.363997966402288</heading>
					<tilt>27.6083067308751</tilt>
					<range>1051.045428918191</range>
					<gx:altitudeMode>relativeToSeaFloor</gx:altitudeMode>
				</LookAt>
				<styleUrl>#m_ylw-pushpin10</styleUrl>
				<Point>
					<gx:drawOrder>1</gx:drawOrder>
					<coordinates>72.87386371129929,19.11737065414776,0</coordinates>
				</Point>
			</Placemark>
			<Placemark>
				<name>Marol Naka,
मरोळ नाका</name>
				<visibility>0</visibility>
				<LookAt>
					<longitude>72.88074544784169</longitude>
					<latitude>19.10902836041255</latitude>
					<altitude>0</altitude>
					<heading>1.378041597982268</heading>
					<tilt>30.00382745856539</tilt>
					<range>853.7761317418177</range>
					<gx:altitudeMode>relativeToSeaFloor</gx:altitudeMode>
				</LookAt>
				<styleUrl>#m_ylw-pushpin10</styleUrl>
				<Point>
					<gx:drawOrder>1</gx:drawOrder>
					<coordinates>72.88002461095513,19.10803021959839,0</coordinates>
				</Point>
			</Placemark>
			<Placemark>
				<name>Chhatrapati Shivaji Maharaj International Airport - T2, छत्रपती शिवाजी महाराज आंतरराष्ट्रीय विमानतळ - टी२</name>
				<visibility>0</visibility>
				<LookAt>
					<longitude>72.8762074913551</longitude>
					<latitude>19.10271505650259</latitude>
					<altitude>0</altitude>
					<heading>1.376556580520855</heading>
					<tilt>30.00551562353314</tilt>
					<range>1229.624304449654</range>
					<gx:altitudeMode>relativeToSeaFloor</gx:altitudeMode>
				</LookAt>
				<styleUrl>#m_ylw-pushpin10</styleUrl>
				<Point>
					<gx:drawOrder>1</gx:drawOrder>
					<coordinates>72.87446849008457,19.10208794823952,0</coordinates>
				</Point>
			</Placemark>
			<Placemark>
				<name>Sahar Road, सहार रोड</name>
				<visibility>0</visibility>
				<LookAt>
					<longitude>72.86744602452249</longitude>
					<latitude>19.10204950514498</latitude>
					<altitude>0</altitude>
					<heading>1.369993699891696</heading>
					<tilt>29.24796977274375</tilt>
					<range>1333.121393052326</range>
					<gx:altitudeMode>relativeToSeaFloor</gx:altitudeMode>
				</LookAt>
				<styleUrl>#m_ylw-pushpin10</styleUrl>
				<Point>
					<gx:drawOrder>1</gx:drawOrder>
					<coordinates>72.8649307362534,19.10215950650175,0</coordinates>
				</Point>
			</Placemark>
			<Placemark>
				<name>Chhatrapati Shivaji Maharaj International Airport - T1, छत्रपती शिवाजी महाराज आंतरराष्ट्रीय विमानतळ - टी१</name>
				<visibility>0</visibility>
				<LookAt>
					<longitude>72.85410990279757</longitude>
					<latitude>19.09448399840251</latitude>
					<altitude>0</altitude>
					<heading>1.369420745449932</heading>
					<tilt>30.00568987574637</tilt>
					<range>1266.793208827806</range>
					<gx:altitudeMode>relativeToSeaFloor</gx:altitudeMode>
				</LookAt>
				<styleUrl>#m_ylw-pushpin10</styleUrl>
				<Point>
					<gx:drawOrder>1</gx:drawOrder>
					<coordinates>72.85362237599983,19.09390353425054,0</coordinates>
				</Point>
			</Placemark>
			<Placemark>
				<name>सांताक्रुझ, Santacruz</name>
				<visibility>0</visibility>
				<LookAt>
					<longitude>72.84923566392582</longitude>
					<latitude>19.07910999109627</latitude>
					<altitude>0</altitude>
					<heading>1.366007135608431</heading>
					<tilt>29.65090606861438</tilt>
					<range>991.4749385936288</range>
					<gx:altitudeMode>relativeToSeaFloor</gx:altitudeMode>
				</LookAt>
				<styleUrl>#m_ylw-pushpin10</styleUrl>
				<Point>
					<gx:drawOrder>1</gx:drawOrder>
					<coordinates>72.8470524398135,19.07891449003876,0</coordinates>
				</Point>
			</Placemark>
			<Placemark>
				<name>Bandra Colony, वांद्रे वसाहत</name>
				<visibility>0</visibility>
				<LookAt>
					<longitude>72.85179122238573</longitude>
					<latitude>19.07052876060585</latitude>
					<altitude>0</altitude>
					<heading>1.366841747214069</heading>
					<tilt>29.65092756848617</tilt>
					<range>996.3127311448587</range>
					<gx:altitudeMode>relativeToSeaFloor</gx:altitudeMode>
				</LookAt>
				<styleUrl>#m_ylw-pushpin10</styleUrl>
				<Point>
					<gx:drawOrder>1</gx:drawOrder>
					<coordinates>72.84949424202658,19.06997402333953,0</coordinates>
				</Point>
			</Placemark>
			<Placemark>
				<name>Bandra Kurla Complex, वांद्रे कुर्ला संकुल</name>
				<visibility>0</visibility>
				<LookAt>
					<longitude>72.85742909728124</longitude>
					<latitude>19.06005825150243</latitude>
					<altitude>0</altitude>
					<heading>1.368682984813417</heading>
					<tilt>29.65090966507184</tilt>
					<range>992.2840452083474</range>
					<gx:altitudeMode>relativeToSeaFloor</gx:altitudeMode>
				</LookAt>
				<styleUrl>#m_ylw-pushpin10</styleUrl>
				<Point>
					<gx:drawOrder>1</gx:drawOrder>
					<coordinates>72.85493545074947,19.0603703583177,0</coordinates>
				</Point>
			</Placemark>
			<Placemark>
				<name>धारावी, Dharavi</name>
				<visibility>0</visibility>
				<LookAt>
					<longitude>72.85149230136977</longitude>
					<latitude>19.045524460362</latitude>
					<altitude>0</altitude>
					<heading>1.366744936388542</heading>
					<tilt>29.65089517746741</tilt>
					<range>989.0242592127214</range>
					<gx:altitudeMode>relativeToSeaFloor</gx:altitudeMode>
				</LookAt>
				<styleUrl>#m_ylw-pushpin10</styleUrl>
				<Point>
					<gx:drawOrder>1</gx:drawOrder>
					<coordinates>72.8500188387187,19.04634474989951,0</coordinates>
				</Point>
			</Placemark>
			<Placemark>
				<name>Shitaladevi Mandir, शितलादेवी मंदिर</name>
				<visibility>0</visibility>
				<LookAt>
					<longitude>72.84327113573677</longitude>
					<latitude>19.03822186778268</latitude>
					<altitude>0</altitude>
					<heading>1.359913155983008</heading>
					<tilt>28.87797804205011</tilt>
					<range>583.982201107173</range>
					<gx:altitudeMode>relativeToSeaFloor</gx:altitudeMode>
				</LookAt>
				<styleUrl>#m_ylw-pushpin10</styleUrl>
				<Point>
					<gx:drawOrder>1</gx:drawOrder>
					<coordinates>72.84220642631966,19.03831726088469,0</coordinates>
				</Point>
			</Placemark>
			<Placemark>
				<name>दादर, Dadar</name>
				<visibility>0</visibility>
				<LookAt>
					<longitude>72.84107190154788</longitude>
					<latitude>19.02425005583337</latitude>
					<altitude>0</altitude>
					<heading>1.362390184750356</heading>
					<tilt>29.4664873805121</tilt>
					<range>853.5409907714854</range>
					<gx:altitudeMode>relativeToSeaFloor</gx:altitudeMode>
				</LookAt>
				<styleUrl>#m_ylw-pushpin10</styleUrl>
				<Point>
					<gx:drawOrder>1</gx:drawOrder>
					<coordinates>72.83938122320669,19.02368833141648,0</coordinates>
				</Point>
			</Placemark>
			<Placemark>
				<name>सिद्धिविनायक, Siddhivinayak</name>
				<visibility>0</visibility>
				<LookAt>
					<longitude>72.83316091784711</longitude>
					<latitude>19.01685415137648</latitude>
					<altitude>0</altitude>
					<heading>1.362634044969613</heading>
					<tilt>30.0037735668065</tilt>
					<range>840.5500877997465</range>
					<gx:altitudeMode>relativeToSeaFloor</gx:altitudeMode>
				</LookAt>
				<styleUrl>#m_ylw-pushpin10</styleUrl>
				<Point>
					<gx:drawOrder>1</gx:drawOrder>
					<coordinates>72.8307464042342,19.01586917800424,0</coordinates>
				</Point>
			</Placemark>
			<Placemark>
				<name>वरळी, Worli</name>
				<visibility>0</visibility>
				<LookAt>
					<longitude>72.82131395765855</longitude>
					<latitude>19.00839617153532</latitude>
					<altitude>0</altitude>
					<heading>1.358774295129331</heading>
					<tilt>30.00380505274678</tilt>
					<range>847.5591862431824</range>
					<gx:altitudeMode>relativeToSeaFloor</gx:altitudeMode>
				</LookAt>
				<styleUrl>#m_ylw-pushpin10</styleUrl>
				<Point>
					<gx:drawOrder>1</gx:drawOrder>
					<coordinates>72.81946857556669,19.00866955726723,0</coordinates>
				</Point>
			</Placemark>
			<Placemark>
				<name>Acharya Atre Chowk, आचार्य अत्रे चौक</name>
				<visibility>0</visibility>
				<LookAt>
					<longitude>72.81994147972846</longitude>
					<latitude>18.9978954364827</latitude>
					<altitude>0</altitude>
					<heading>1.358326876592492</heading>
					<tilt>30.00356691389564</tilt>
					<range>794.1376501666462</range>
					<gx:altitudeMode>relativeToSeaFloor</gx:altitudeMode>
				</LookAt>
				<styleUrl>#m_ylw-pushpin10</styleUrl>
				<Point>
					<gx:drawOrder>1</gx:drawOrder>
					<coordinates>72.81823147519542,18.99709828810866,0</coordinates>
				</Point>
			</Placemark>
			<Placemark>
				<name>Science Centre, विज्ञान केंद्र</name>
				<visibility>0</visibility>
				<LookAt>
					<longitude>72.82362699939411</longitude>
					<latitude>18.99059731248347</latitude>
					<altitude>0</altitude>
					<heading>1.359526182874144</heading>
					<tilt>30.0035748941609</tilt>
					<range>795.9144191459778</range>
					<gx:altitudeMode>relativeToSeaFloor</gx:altitudeMode>
				</LookAt>
				<styleUrl>#m_ylw-pushpin10</styleUrl>
				<Point>
					<gx:drawOrder>1</gx:drawOrder>
					<coordinates>72.82179592034434,18.99029482805959,0</coordinates>
				</Point>
			</Placemark>
			<Placemark>
				<name>महालक्ष्मी, Mahalaxmi</name>
				<visibility>0</visibility>
				<LookAt>
					<longitude>72.82701659501259</longitude>
					<latitude>18.98095092965649</latitude>
					<altitude>0</altitude>
					<heading>1.360628850880548</heading>
					<tilt>30.00447424362735</tilt>
					<range>996.1418475066408</range>
					<gx:altitudeMode>relativeToSeaFloor</gx:altitudeMode>
				</LookAt>
				<styleUrl>#m_ylw-pushpin10</styleUrl>
				<Point>
					<gx:drawOrder>1</gx:drawOrder>
					<coordinates>72.82537736615808,18.97942005348355,0</coordinates>
				</Point>
			</Placemark>
			<Placemark>
				<name>Jagannath Shankar Sheth, जगन्नाथ शंकरशेठ</name>
				<visibility>0</visibility>
				<LookAt>
					<longitude>72.82338834502121</longitude>
					<latitude>18.97133133487875</latitude>
					<altitude>0</altitude>
					<heading>1.359448875162278</heading>
					<tilt>30.00446083464592</tilt>
					<range>993.1573500171205</range>
					<gx:altitudeMode>relativeToSeaFloor</gx:altitudeMode>
				</LookAt>
				<styleUrl>#m_ylw-pushpin10</styleUrl>
				<Point>
					<gx:drawOrder>1</gx:drawOrder>
					<coordinates>72.8214674147583,18.97058195511306,0</coordinates>
				</Point>
			</Placemark>
			<Placemark>
				<name>ग्रँट रोड, Grant Road</name>
				<visibility>0</visibility>
				<LookAt>
					<longitude>72.82038322088957</longitude>
					<latitude>18.96251263055095</latitude>
					<altitude>0</altitude>
					<heading>1.358471922081297</heading>
					<tilt>30.00443493570443</tilt>
					<range>987.3916568032429</range>
					<gx:altitudeMode>relativeToSeaFloor</gx:altitudeMode>
				</LookAt>
				<styleUrl>#m_ylw-pushpin10</styleUrl>
				<Point>
					<gx:drawOrder>1</gx:drawOrder>
					<coordinates>72.81806665550043,18.96290158383562,0</coordinates>
				</Point>
			</Placemark>
			<Placemark>
				<name>गिरगाव, Girgaon</name>
				<visibility>0</visibility>
				<LookAt>
					<longitude>72.82455590620104</longitude>
					<latitude>18.95318099541598</latitude>
					<altitude>0</altitude>
					<heading>1.359826969747284</heading>
					<tilt>30.00444057853253</tilt>
					<range>988.6477567903047</range>
					<gx:altitudeMode>relativeToSeaFloor</gx:altitudeMode>
				</LookAt>
				<styleUrl>#m_ylw-pushpin10</styleUrl>
				<Point>
					<gx:drawOrder>1</gx:drawOrder>
					<coordinates>72.82265586357158,18.95190900177756,0</coordinates>
				</Point>
			</Placemark>
			<Placemark>
				<name>काळबादेवी, Kalbadevi</name>
				<visibility>0</visibility>
				<LookAt>
					<longitude>72.82778181556321</longitude>
					<latitude>18.9470181483749</latitude>
					<altitude>0</altitude>
					<heading>1.360874411613881</heading>
					<tilt>30.00441563489066</tilt>
					<range>983.0950893551078</range>
					<gx:altitudeMode>relativeToSeaFloor</gx:altitudeMode>
				</LookAt>
				<styleUrl>#m_ylw-pushpin10</styleUrl>
				<Point>
					<gx:drawOrder>1</gx:drawOrder>
					<coordinates>72.82701909714018,18.94692519759497,0</coordinates>
				</Point>
			</Placemark>
			<Placemark>
				<name>Chhatrapati Shivaji Maharaj Terminus, छत्रपती शिवाजी महाराज टर्मिनस</name>
				<visibility>0</visibility>
				<LookAt>
					<longitude>72.83430705680286</longitude>
					<latitude>18.94097763496875</latitude>
					<altitude>0</altitude>
					<heading>1.362992577915045</heading>
					<tilt>30.0044014090646</tilt>
					<range>979.9280593263633</range>
					<gx:altitudeMode>relativeToSeaFloor</gx:altitudeMode>
				</LookAt>
				<styleUrl>#m_ylw-pushpin10</styleUrl>
				<Point>
					<gx:drawOrder>1</gx:drawOrder>
					<coordinates>72.83223914806152,18.94064539042945,0</coordinates>
				</Point>
			</Placemark>
			<Placemark>
				<name>Hutatma Chowk, हुतात्मा चौक</name>
				<visibility>0</visibility>
				<LookAt>
					<longitude>72.83527854792939</longitude>
					<latitude>18.93515672814629</latitude>
					<altitude>0</altitude>
					<heading>1.363307840353721</heading>
					<tilt>30.00440850317899</tilt>
					<range>981.5072098110486</range>
					<gx:altitudeMode>relativeToSeaFloor</gx:altitudeMode>
				</LookAt>
				<styleUrl>#m_ylw-pushpin10</styleUrl>
				<Point>
					<gx:drawOrder>1</gx:drawOrder>
					<coordinates>72.8328493313257,18.9345545941056,0</coordinates>
				</Point>
			</Placemark>
			<Placemark>
				<name>चर्चगेट, Churchgate</name>
				<visibility>0</visibility>
				<LookAt>
					<longitude>72.82861800495756</longitude>
					<latitude>18.93142644208528</latitude>
					<altitude>0</altitude>
					<heading>1.361146779350054</heading>
					<tilt>30.0044284149119</tilt>
					<range>985.9400611485695</range>
					<gx:altitudeMode>relativeToSeaFloor</gx:altitudeMode>
				</LookAt>
				<styleUrl>#m_ylw-pushpin10</styleUrl>
				<Point>
					<gx:drawOrder>1</gx:drawOrder>
					<coordinates>72.82620886971327,18.93058680594325,0</coordinates>
				</Point>
			</Placemark>
			<Placemark>
				<name>Vidhan Bhavan, विधान भवन</name>
				<visibility>0</visibility>
				<LookAt>
					<longitude>72.82746137536014</longitude>
					<latitude>18.9256024791951</latitude>
					<altitude>0</altitude>
					<heading>1.360771468811343</heading>
					<tilt>30.00440118017687</tilt>
					<range>979.8773864563343</range>
					<gx:altitudeMode>relativeToSeaFloor</gx:altitudeMode>
				</LookAt>
				<styleUrl>#m_ylw-pushpin10</styleUrl>
				<Point>
					<gx:drawOrder>1</gx:drawOrder>
					<coordinates>72.82572703217737,18.92469932126777,0</coordinates>
				</Point>
			</Placemark>
			<Placemark>
				<name>Cuffe Parade, कफ परेड</name>
				<visibility>0</visibility>
				<LookAt>
					<longitude>72.82267878748225</longitude>
					<latitude>18.91299827407724</latitude>
					<altitude>0</altitude>
					<heading>1.359220844044706</heading>
					<tilt>30.00441882019061</tilt>
					<range>983.8040660004026</range>
					<gx:altitudeMode>relativeToSeaFloor</gx:altitudeMode>
				</LookAt>
				<styleUrl>#m_ylw-pushpin10</styleUrl>
				<Point>
					<gx:drawOrder>1</gx:drawOrder>
					<coordinates>72.82026710012239,18.91291418265765,0</coordinates>
				</Point>
			</Placemark>
		</Folder>
		<Folder>
			<name>Metro Line 4 (Green)</name>
			<Folder>
				<name>Line 4A</name>
				<Placemark>
					<name>Line 4A</name>
					<styleUrl>#msn_ylw-pushpin101</styleUrl>
					<LineString>
						<tessellate>1</tessellate>
						<coordinates>
							72.94727463414796,19.28453515922486,0 72.95002113019137,19.28416326854576,0 72.95173554733208,19.28391100452078,0 72.95308264018682,19.2832195919099,0 72.95384272619454,19.28278027038358,0 72.95473378074621,19.28228102570654,0 72.95558638198246,19.28065867714342,0 72.95728986694738,19.27805935947407,0 72.95814142961464,19.27708965611676,0 72.95933999684043,19.27562644173861,0 72.96017993093851,19.27467988322584,0 72.96132138076833,19.27366882627119,0 72.96270721583468,19.27261919218481,0 72.96354472784039,19.27200306099934,0 72.96428297097522,19.27143870713529,0 72.96454577023167,19.27117221401713,0 72.96455937029779,19.27115218975647,0 72.96481157029957,19.27081730578906,0 72.9658235066247,19.26927597836103,0 72.96669617710442,19.26752878651421,0 
						</coordinates>
					</LineString>
				</Placemark>
				<Placemark>
					<name>Gaimukh, गायमुख</name>
					<visibility>0</visibility>
					<LookAt>
						<longitude>72.94768427491589</longitude>
						<latitude>19.28419947371288</latitude>
						<altitude>0</altitude>
						<heading>8.472809754089619</heading>
						<tilt>27.43202837457175</tilt>
						<range>1778.948904987837</range>
						<gx:altitudeMode>relativeToSeaFloor</gx:altitudeMode>
					</LookAt>
					<styleUrl>#msn_download (4)1</styleUrl>
					<Point>
						<gx:drawOrder>1</gx:drawOrder>
						<coordinates>72.94752093192029,19.28449521854706,0</coordinates>
					</Point>
				</Placemark>
				<Placemark>
					<name>Gownipada, गोवणीपाडा</name>
					<visibility>0</visibility>
					<LookAt>
						<longitude>72.96035181708916</longitude>
						<latitude>19.27647813411553</latitude>
						<altitude>0</altitude>
						<heading>8.476918632321333</heading>
						<tilt>26.48304695927213</tilt>
						<range>842.1441848643481</range>
						<gx:altitudeMode>relativeToSeaFloor</gx:altitudeMode>
					</LookAt>
					<styleUrl>#msn_download (4)1</styleUrl>
					<Point>
						<gx:drawOrder>1</gx:drawOrder>
						<coordinates>72.95827156069072,19.27686337315316,0</coordinates>
					</Point>
				</Placemark>
				<Placemark>
					<name>कासारवडवली, Kasarvadavali</name>
					<visibility>0</visibility>
					<LookAt>
						<longitude>72.96781847354819</longitude>
						<latitude>19.26781244933071</latitude>
						<altitude>0</altitude>
						<heading>8.479382808062359</heading>
						<tilt>26.48304911869324</tilt>
						<range>842.6832090517003</range>
						<gx:altitudeMode>relativeToSeaFloor</gx:altitudeMode>
					</LookAt>
					<styleUrl>#msn_download (4)1</styleUrl>
					<Point>
						<gx:drawOrder>1</gx:drawOrder>
						<coordinates>72.96666388988234,19.26752298344503,0</coordinates>
					</Point>
				</Placemark>
			</Folder>
			<Folder>
				<name>Line 4</name>
				<Placemark>
					<name>Line 4</name>
					<styleUrl>#msn_ylw-pushpin001</styleUrl>
					<LineString>
						<tessellate>1</tessellate>
						<coordinates>
							72.96669754781699,19.26753153744428,0 72.96725033841346,19.26612719267032,0 72.96828322311174,19.26359628408352,0 72.96985504373747,19.25958885544529,0 72.97027333670519,19.25830500212031,0 72.97056352841369,19.25754188016337,0 72.97074207959874,19.25707255426581,0 72.97086992271399,19.25653922412958,0 72.97104166552158,19.25590129338475,0 72.9715491689593,19.25458878800395,0 72.97270480945814,19.25166984293285,0 72.97316394935589,19.25072173377966,0 72.97360844907257,19.24995800821336,0 72.9742031110151,19.24909385236408,0 72.97482121617243,19.24817281785076,0 72.97525129640532,19.24749727358263,0 72.97544080474356,19.24711648669359,0 72.97555816966349,19.24671296832017,0 72.97563905874092,19.24633023521423,0 72.9756949152119,19.2448990611525,0 72.9757346562716,19.24284920664372,0 72.97571114474226,19.24213790954174,0 72.97560417357074,19.24146139833455,0 72.97546516476542,19.24052297065552,0 72.97542198849298,19.23990094476981,0 72.97560832722613,19.23812900911363,0 72.9758174554121,19.23642241531755,0 72.97599234513856,19.23497376170238,0 72.97616000379585,19.23369080793283,0 72.97644134119052,19.23271225272032,0 72.97657364773858,19.23167242338669,0 72.97678850826441,19.22982376934336,0 72.97699906861973,19.22789556691801,0 72.97719651049556,19.22597351669718,0 72.97746496511,19.22410463851974,0 72.97754663188913,19.22197449617253,0 72.97788543493118,19.21879274902893,0 72.97802957413738,19.21745433225473,0 72.97768088669893,19.21576934126065,0 72.97748605863102,19.21490756440601,0 72.97743415373529,19.21426991141667,0 72.97721360100529,19.21312126544793,0 72.97571090787325,19.21153998644567,0 72.97014164952957,19.20606348897518,0 72.96775952272024,19.20378503035571,0 72.96493549469477,19.20115129992745,0 72.96332735463423,19.19959286023887,0 72.96289760525927,19.19886944796696,0 72.96249851720199,19.1978149434739,0 72.96232858849926,19.19692183349127,0 72.96234014186861,19.19579549890146,0 72.96271840746165,19.19319214338846,0 72.96333132366476,19.18940093403685,0 72.96340963806051,19.18873968123681,0 72.96324550523096,19.18829770375183,0 72.96290153995761,19.18789182427575,0 72.96150952104924,19.18704232957965,0 72.9603334790403,19.18641586131508,0 72.95877355581111,19.18598050610421,0 72.95804146056976,19.18582844316279,0 72.95698135569661,19.18573844883094,0 72.95638093978452,19.18573749362305,0 72.95600114630271,19.18559257330007,0 72.95555281054365,19.18527251942542,0 72.954797292281,19.18463632704381,0 72.9537620052176,19.1841631839046,0 72.95282352550706,19.18379371689939,0 72.95098196786503,19.1834800728984,0 72.94849854674661,19.18331019306433,0 72.94791678439417,19.18301925596938,0 72.94721870818074,19.18224403674388,0 72.94658713089092,19.18140687879611,0 72.94578052759064,19.1799123238938,0 72.94522336010971,19.17889258058014,0 72.94487068744861,19.17850339135615,0 72.94420504859066,19.17789673228357,0 72.94376510692129,19.17748973743442,0 72.94239908651613,19.17552884562532,0 72.94151062626297,19.17410461860678,0 72.94123637779191,19.17308021347729,0 72.94073558043151,19.17167198300817,0 72.93978687389993,19.16954319611257,0 72.93856155972402,19.16644076324302,0 72.9381305601043,19.16542225965744,0 72.9378779138097,19.16481257026729,0 72.93777897216083,19.16411077527389,0 72.93777450365438,19.16339049849729,0 72.9376501511353,19.15955538694698,0 72.93765641470276,19.15721360137432,0 72.93756839442207,19.15456514309758,0 72.9376496145798,19.15317960482472,0 72.93767530250726,19.15165527997523,0 72.93769765232609,19.15112147270115,0 72.93778213243897,19.15063673677324,0 72.93802389769803,19.14934563289458,0 72.938025402449,19.14884243047089,0 72.93791199884313,19.14848561952754,0 72.93761987315472,19.14804051084325,0 72.93635871733137,19.14658825346572,0 72.93480367241814,19.14473786125333,0 72.93293588004038,19.14253998641304,0 72.93195522079714,19.14129886430864,0 72.93166278546164,19.14077227147827,0 72.9308323963147,19.13881062198357,0 72.93031406112947,19.13775481960932,0 72.92989388731289,19.1370261462249,0 72.92827068217372,19.13385759282051,0 72.9275965955738,19.13260557979189,0 72.92634615976721,19.13023050729928,0 72.92543667602671,19.12856182957762,0 72.92536979124907,19.12818448409136,0 72.92539662780416,19.12724896731587,0 72.92540767481172,19.12614538965234,0 72.92541748635536,19.12338194870715,0 72.92545120416037,19.12267657107488,0 72.9257864444058,19.12054288397289,0 72.92606495319598,19.11896809779881,0 72.92620183032203,19.11765891590716,0 72.92627164803932,19.11519210696418,0 72.92624733853243,19.11339022586397,0 72.92614040393759,19.11239777762076,0 72.92603261509514,19.111958112893,0 72.92584947508338,19.11144616275968,0 72.92566096159268,19.11086489784197,0 72.92462457043537,19.1089643028117,0 72.92303826061817,19.10653859268989,0 72.92179793618755,19.10486378034767,0 72.92084580381886,19.10346961505999,0 72.91854051049181,19.10055776997989,0 72.91660043082084,19.09807841206591,0 72.91567806674186,19.09696271636217,0 72.91554972448586,19.09651660878301,0 72.91561251248594,19.09611470951522,0 72.91591536671835,19.0955850701714,0 72.91663489082346,19.094887482083,0 72.91693227435623,19.09458453202255,0 72.91843469666293,19.0934633878665,0 72.91898818132032,19.09285102954604,0 72.91913347079476,19.09245247199082,0 72.91897869229891,19.0918747677812,0 72.91837603843354,19.09045343891001,0 72.91810686348758,19.08987124377453,0 72.91815823933582,19.0895195282703,0 72.91830271598886,19.08921701837892,0 72.9183370342964,19.08896777534904,0 72.91829021184537,19.08873166710907,0 72.91832346921963,19.08849012946568,0 72.91840370923178,19.08821238087739,0 72.91831451432067,19.08785467965195,0 72.91747820236475,19.08701338280751,0 72.91468145708038,19.08430871337679,0 72.91281878350912,19.08233415272165,0 72.91132148145387,19.08061896054842,0 72.9110632917773,19.08022658486693,0 72.91079699484612,19.07962039033498,0 72.91044206404329,19.07897979713875,0 72.9101313341141,19.07847162834878,0 72.90978004689477,19.07752231536249,0 72.90940396696017,19.07696401632797,0 72.90860808689875,19.07603224694376,0 72.9080829098401,19.07537643808671,0 72.90749636388813,19.07489979616592,0 72.90718475229383,19.07470202221158,0 72.90672796556829,19.07447369269785,0 72.90619919545252,19.07437239112995,0 72.9049357316993,19.07430096038802,0 72.90384427634828,19.0742902121132,0 72.9033247462766,19.07414160964566,0 72.90302749904643,19.07387740824339,0 72.90281899389313,19.07354780914223,0 72.902364706421,19.0725798854559,0 72.90141810925874,19.07090747274546,0 72.90120981087966,19.07057326403308,0 72.90011310588228,19.06772151045398,0 72.89950236377678,19.0660828253046,0 72.8992620001404,19.06510452899614,0 72.89888443826165,19.06471864999051,0 72.89710643158794,19.06353141864043,0 72.8941038399512,19.06153347110421,0 72.89198963098762,19.06011250596061,0 72.89013110500319,19.05867167860019,0 72.88880979626983,19.05759429750697,0 72.88757468497633,19.05659651372739,0 72.887014656224,19.05620990243602,0 72.88558802370433,19.05513475547169,0 72.88483033611213,19.05456497580553,0 72.88401735203257,19.05399639940209,0 72.88319703118181,19.05357363435123,0 72.88286811288778,19.05343664765557,0 72.88195795127974,19.05306277175362,0 72.88148553070663,19.05288690924732,0 72.88092529967706,19.0525398378648,0 72.88075764847694,19.05236554342897,0 72.88033069108506,19.05196147730236,0 72.88026396964015,19.05176060344001,0 72.88024956015047,19.05159459047962,0 72.87978384618179,19.05063005095911,0 72.87826312685021,19.04894365638252,0 72.87774957289344,19.04832115656014,0 72.87785854065476,19.0479730118521,0 72.87811169990863,19.04731279976219,0 72.8785504552563,19.04626596516288,0 72.87876180494015,19.04577426471555,0 72.87918721146158,19.04444215781885,0 72.87929677734667,19.04332329405047,0 72.87934352155931,19.04298574265804,0 72.87950602462661,19.04234465165696,0 72.87969198907757,19.04146121661845,0 72.88001442045518,19.0393149366775,0 72.88022548069834,19.03814423004131,0 72.88035367020028,19.03740243508257,0 72.88040507257905,19.03696876488864,0 72.88032847224883,19.03632507557284,0 72.88011315711717,19.03537016679796,0 72.87984539248568,19.03454124136538,0 72.8790301970219,19.03305510221477,0 72.87850929133579,19.03194040851366,0 72.87820209393756,19.03040379767243,0 72.87799309036559,19.02937899333003,0 72.87765589603848,19.0278187184456,0 72.87739205672652,19.02601426690889,0 
						</coordinates>
					</LineString>
				</Placemark>
				<Placemark>
					<name>Vijay Garden, विजय गार्डन</name>
					<visibility>0</visibility>
					<LookAt>
						<longitude>72.97127162386302</longitude>
						<latitude>19.25943623252561</latitude>
						<altitude>0</altitude>
						<heading>-12.42220927201493</heading>
						<tilt>25.93127021330879</tilt>
						<range>710.2768509476698</range>
						<gx:altitudeMode>relativeToSeaFloor</gx:altitudeMode>
					</LookAt>
					<styleUrl>#msn_download (4)1</styleUrl>
					<Point>
						<gx:drawOrder>1</gx:drawOrder>
						<coordinates>72.97004313696883,19.25888054924925,0</coordinates>
					</Point>
				</Placemark>
				<Placemark>
					<name>Dongripada, डोंगरीपाडा</name>
					<visibility>0</visibility>
					<LookAt>
						<longitude>72.97469740949563</longitude>
						<latitude>19.2497334486623</latitude>
						<altitude>0</altitude>
						<heading>-12.420892384695</heading>
						<tilt>30.0921697925687</tilt>
						<range>613.0382711274892</range>
						<gx:altitudeMode>relativeToSeaFloor</gx:altitudeMode>
					</LookAt>
					<styleUrl>#msn_download (4)1</styleUrl>
					<Point>
						<gx:drawOrder>1</gx:drawOrder>
						<coordinates>72.97425923479562,19.24901196366643,0</coordinates>
					</Point>
				</Placemark>
				<Placemark>
					<name>Tikuji-ni-wadi, टिकूजी-नी-वाडी</name>
					<visibility>0</visibility>
					<LookAt>
						<longitude>72.97610542849712</longitude>
						<latitude>19.23839886218646</latitude>
						<altitude>0</altitude>
						<heading>-21.42664091094586</heading>
						<tilt>20.27943112622973</tilt>
						<range>655.1731141136297</range>
						<gx:altitudeMode>relativeToSeaFloor</gx:altitudeMode>
					</LookAt>
					<styleUrl>#msn_download (4)1</styleUrl>
					<Point>
						<gx:drawOrder>1</gx:drawOrder>
						<coordinates>72.97559882738884,19.23813103726435,0</coordinates>
					</Point>
				</Placemark>
				<Placemark>
					<name>मानपाडा, Manpada</name>
					<visibility>0</visibility>
					<LookAt>
						<longitude>72.97722339199699</longitude>
						<latitude>19.23192043969149</latitude>
						<altitude>0</altitude>
						<heading>-21.42627258411109</heading>
						<tilt>20.27948033127545</tilt>
						<range>670.9767263243097</range>
						<gx:altitudeMode>relativeToSeaFloor</gx:altitudeMode>
					</LookAt>
					<styleUrl>#msn_download (4)1</styleUrl>
					<Point>
						<gx:drawOrder>1</gx:drawOrder>
						<coordinates>72.97657746736199,19.23134894899139,0</coordinates>
					</Point>
				</Placemark>
				<Placemark>
					<name>Kapurbawdi, कापूरबावडी</name>
					<visibility>0</visibility>
					<LookAt>
						<longitude>72.97781221040898</longitude>
						<latitude>19.22380435687834</latitude>
						<altitude>0</altitude>
						<heading>-21.42607868996776</heading>
						<tilt>20.27945826240623</tilt>
						<range>663.888698866339</range>
						<gx:altitudeMode>relativeToSeaFloor</gx:altitudeMode>
					</LookAt>
					<styleUrl>#msn_download (4)1</styleUrl>
					<Point>
						<gx:drawOrder>1</gx:drawOrder>
						<coordinates>72.97746251201916,19.22425309110192,0</coordinates>
					</Point>
				</Placemark>
				<Placemark>
					<name>माजिवडा, Majiwada</name>
					<visibility>0</visibility>
					<LookAt>
						<longitude>72.97616876276889</longitude>
						<latitude>19.21225776314031</latitude>
						<altitude>0</altitude>
						<heading>-21.42654708225476</heading>
						<tilt>26.39198580814396</tilt>
						<range>647.0457768399239</range>
						<gx:altitudeMode>relativeToSeaFloor</gx:altitudeMode>
					</LookAt>
					<styleUrl>#msn_download (4)1</styleUrl>
					<Point>
						<gx:drawOrder>1</gx:drawOrder>
						<coordinates>72.97571820185888,19.21150135567898,0</coordinates>
					</Point>
				</Placemark>
				<Placemark>
					<name>Cadbury Junction, कॅडबरी जंक्शन</name>
					<visibility>0</visibility>
					<LookAt>
						<longitude>72.97061409695415</longitude>
						<latitude>19.20655273495137</latitude>
						<altitude>0</altitude>
						<heading>-21.42837476913582</heading>
						<tilt>26.39319738842732</tilt>
						<range>950.4853024112169</range>
						<gx:altitudeMode>relativeToSeaFloor</gx:altitudeMode>
					</LookAt>
					<styleUrl>#msn_download (4)1</styleUrl>
					<Point>
						<gx:drawOrder>1</gx:drawOrder>
						<coordinates>72.97023532375533,19.2061845123663,0</coordinates>
					</Point>
				</Placemark>
				<Placemark>
					<name>Mahapalika Marg, महापालिका मार्ग</name>
					<visibility>0</visibility>
					<LookAt>
						<longitude>72.9658541098698</longitude>
						<latitude>19.20092261618525</latitude>
						<altitude>0</altitude>
						<heading>4.344545730519282</heading>
						<tilt>23.37782805159049</tilt>
						<range>696.8030266557325</range>
						<gx:altitudeMode>relativeToSeaFloor</gx:altitudeMode>
					</LookAt>
					<styleUrl>#msn_download (4)1</styleUrl>
					<Point>
						<gx:drawOrder>1</gx:drawOrder>
						<coordinates>72.9648983685196,19.2011033333615,0</coordinates>
					</Point>
				</Placemark>
				<Placemark>
					<name>RTO Thane, आरटीओ ठाणे</name>
					<visibility>0</visibility>
					<LookAt>
						<longitude>72.96362937415158</longitude>
						<latitude>19.19351992980036</latitude>
						<altitude>0</altitude>
						<heading>4.343814177495466</heading>
						<tilt>23.37879271436407</tilt>
						<range>967.4616480002378</range>
						<gx:altitudeMode>relativeToSeaFloor</gx:altitudeMode>
					</LookAt>
					<styleUrl>#msn_download (4)1</styleUrl>
					<Point>
						<gx:drawOrder>1</gx:drawOrder>
						<coordinates>72.96268005256331,19.19332569748404,0</coordinates>
					</Point>
				</Placemark>
				<Placemark>
					<name>Teen Haath Naka (Thane), तीन हात नाका (ठाणे)</name>
					<visibility>0</visibility>
					<LookAt>
						<longitude>72.96349985769676</longitude>
						<latitude>19.18746529415158</latitude>
						<altitude>0</altitude>
						<heading>4.343771545494348</heading>
						<tilt>23.37878226704683</tilt>
						<range>964.5305639566388</range>
						<gx:altitudeMode>relativeToSeaFloor</gx:altitudeMode>
					</LookAt>
					<styleUrl>#msn_download (4)1</styleUrl>
					<Point>
						<gx:drawOrder>1</gx:drawOrder>
						<coordinates>72.96165426290756,19.18712946282468,0</coordinates>
					</Point>
				</Placemark>
				<Placemark>
					<name>Mulund Naka, मुलुंड नाका</name>
					<visibility>0</visibility>
					<LookAt>
						<longitude>72.95143280530472</longitude>
						<latitude>19.18356949547248</latitude>
						<altitude>0</altitude>
						<heading>4.340247880515786</heading>
						<tilt>20.02542844018632</tilt>
						<range>914.1054349343245</range>
						<gx:altitudeMode>relativeToSeaFloor</gx:altitudeMode>
					</LookAt>
					<styleUrl>#msn_download (4)1</styleUrl>
					<Point>
						<gx:drawOrder>1</gx:drawOrder>
						<coordinates>72.95086463482822,19.1834707354214,0</coordinates>
					</Point>
				</Placemark>
				<Placemark>
					<name>Mulund Fire Station, मुलुंड अग्निशमन केंद्र</name>
					<visibility>0</visibility>
					<LookAt>
						<longitude>72.94327445192957</longitude>
						<latitude>19.17577282753373</latitude>
						<altitude>0</altitude>
						<heading>5.560325651390678</heading>
						<tilt>28.40703516569105</tilt>
						<range>561.4955505662832</range>
						<gx:altitudeMode>relativeToSeaFloor</gx:altitudeMode>
					</LookAt>
					<styleUrl>#msn_download (4)1</styleUrl>
					<Point>
						<gx:drawOrder>1</gx:drawOrder>
						<coordinates>72.94248398155987,19.17558277954505,0</coordinates>
					</Point>
				</Placemark>
				<Placemark>
					<name>सोनापूर, Sonapur</name>
					<visibility>0</visibility>
					<LookAt>
						<longitude>72.93912600357226</longitude>
						<latitude>19.16617502950563</latitude>
						<altitude>0</altitude>
						<heading>13.60656367217403</heading>
						<tilt>18.96378629860563</tilt>
						<range>488.6938521753618</range>
						<gx:altitudeMode>relativeToSeaFloor</gx:altitudeMode>
					</LookAt>
					<styleUrl>#m_ylw-pushpin010</styleUrl>
					<Point>
						<gx:drawOrder>1</gx:drawOrder>
						<coordinates>72.93843041158731,19.16617918187702,0</coordinates>
					</Point>
				</Placemark>
				<Placemark>
					<name>Shangrila, शांग्रीला</name>
					<visibility>0</visibility>
					<LookAt>
						<longitude>72.93904899643481</longitude>
						<latitude>19.15288720901101</latitude>
						<altitude>0</altitude>
						<heading>13.60664955889802</heading>
						<tilt>19.68107183292154</tilt>
						<range>590.2347785046472</range>
						<gx:altitudeMode>relativeToSeaFloor</gx:altitudeMode>
					</LookAt>
					<styleUrl>#m_ylw-pushpin010</styleUrl>
					<Point>
						<gx:drawOrder>1</gx:drawOrder>
						<coordinates>72.93760238047996,19.15349924155596,0</coordinates>
					</Point>
				</Placemark>
				<Placemark>
					<name>भांडुप, Bhandup</name>
					<visibility>0</visibility>
					<LookAt>
						<longitude>72.93745040045185</longitude>
						<latitude>19.14616160042106</latitude>
						<altitude>0</altitude>
						<heading>13.60612512821187</heading>
						<tilt>19.68105435220036</tilt>
						<range>584.4567810208866</range>
						<gx:altitudeMode>relativeToSeaFloor</gx:altitudeMode>
					</LookAt>
					<styleUrl>#m_ylw-pushpin010</styleUrl>
					<Point>
						<gx:drawOrder>1</gx:drawOrder>
						<coordinates>72.93624407445567,19.14648069707564,0</coordinates>
					</Point>
				</Placemark>
				<Placemark>
					<name>Bhandup Mahapalika, भांडुप महापालिका</name>
					<visibility>0</visibility>
					<LookAt>
						<longitude>72.93165911719612</longitude>
						<latitude>19.13841863285201</latitude>
						<altitude>0</altitude>
						<heading>13.60422597389645</heading>
						<tilt>19.68105741375879</tilt>
						<range>585.4687363752602</range>
						<gx:altitudeMode>relativeToSeaFloor</gx:altitudeMode>
					</LookAt>
					<styleUrl>#m_ylw-pushpin010</styleUrl>
					<Point>
						<gx:drawOrder>1</gx:drawOrder>
						<coordinates>72.93082420708474,19.13878602638751,0</coordinates>
					</Point>
				</Placemark>
				<Placemark>
					<name>Naval Housing, नौदल गृहनिर्माण</name>
					<visibility>0</visibility>
					<LookAt>
						<longitude>72.92861508997504</longitude>
						<latitude>19.13242313466842</latitude>
						<altitude>0</altitude>
						<heading>13.60322803633778</heading>
						<tilt>19.6810582409149</tilt>
						<range>585.7421239503419</range>
						<gx:altitudeMode>relativeToSeaFloor</gx:altitudeMode>
					</LookAt>
					<styleUrl>#m_ylw-pushpin010</styleUrl>
					<Point>
						<gx:drawOrder>1</gx:drawOrder>
						<coordinates>72.92765854966395,19.13275032958094,0</coordinates>
					</Point>
				</Placemark>
				<Placemark>
					<name>Gandhi Nagar (Kanjurmarg), गांधी नगर (कांजुर मार्ग)</name>
					<visibility>0</visibility>
					<LookAt>
						<longitude>72.92639065838537</longitude>
						<latitude>19.12597523760682</latitude>
						<altitude>0</altitude>
						<heading>13.60249893971542</heading>
						<tilt>19.68105384868315</tilt>
						<range>584.2903255070208</range>
						<gx:altitudeMode>relativeToSeaFloor</gx:altitudeMode>
					</LookAt>
					<styleUrl>#m_ylw-pushpin010</styleUrl>
					<Point>
						<gx:drawOrder>1</gx:drawOrder>
						<coordinates>72.92534660896368,19.12667999668581,0</coordinates>
					</Point>
				</Placemark>
				<Placemark>
					<name>Surya Nagar, सूर्य नगर</name>
					<visibility>0</visibility>
					<LookAt>
						<longitude>72.92696547988537</longitude>
						<latitude>19.11744125798507</latitude>
						<altitude>0</altitude>
						<heading>13.60297964248362</heading>
						<tilt>21.7631900352986</tilt>
						<range>456.9610127406903</range>
						<gx:altitudeMode>relativeToSeaFloor</gx:altitudeMode>
					</LookAt>
					<styleUrl>#m_ylw-pushpin010</styleUrl>
					<Point>
						<gx:drawOrder>1</gx:drawOrder>
						<coordinates>72.92618517519448,19.1177402532532,0</coordinates>
					</Point>
				</Placemark>
				<Placemark>
					<name>विक्रोळी, Vikhroli</name>
					<visibility>0</visibility>
					<LookAt>
						<longitude>72.92539807066737</longitude>
						<latitude>19.10884395543642</latitude>
						<altitude>0</altitude>
						<heading>13.60246640108114</heading>
						<tilt>21.7631616055466</tilt>
						<range>448.4252591192214</range>
						<gx:altitudeMode>relativeToSeaFloor</gx:altitudeMode>
					</LookAt>
					<styleUrl>#m_ylw-pushpin010</styleUrl>
					<Point>
						<gx:drawOrder>1</gx:drawOrder>
						<coordinates>72.92451653570018,19.10889183856102,0</coordinates>
					</Point>
				</Placemark>
				<Placemark>
					<name>Godrej Company, गोदरेज कंपनी</name>
					<visibility>0</visibility>
					<LookAt>
						<longitude>72.92170282378375</longitude>
						<latitude>19.10339278179951</latitude>
						<altitude>0</altitude>
						<heading>13.60125684254719</heading>
						<tilt>21.76315911894966</tilt>
						<range>447.6786795872114</range>
						<gx:altitudeMode>relativeToSeaFloor</gx:altitudeMode>
					</LookAt>
					<styleUrl>#m_ylw-pushpin010</styleUrl>
					<Point>
						<gx:drawOrder>1</gx:drawOrder>
						<coordinates>72.92085466054316,19.10355027053591,0</coordinates>
					</Point>
				</Placemark>
				<Placemark>
					<name>Shreyas Cinema, श्रेयस सिनेमा</name>
					<visibility>0</visibility>
					<LookAt>
						<longitude>72.91755622780359</longitude>
						<latitude>19.09796012769165</latitude>
						<altitude>0</altitude>
						<heading>13.59989986993222</heading>
						<tilt>21.76317607069152</tilt>
						<range>452.768305172698</range>
						<gx:altitudeMode>relativeToSeaFloor</gx:altitudeMode>
					</LookAt>
					<styleUrl>#m_ylw-pushpin010</styleUrl>
					<Point>
						<gx:drawOrder>1</gx:drawOrder>
						<coordinates>72.9166487553176,19.09816172877733,0</coordinates>
					</Point>
				</Placemark>
				<Placemark>
					<name>Laxmi Nagar (Ghatkopar), लक्ष्मी नगर (घाटकोपर)</name>
					<visibility>0</visibility>
					<LookAt>
						<longitude>72.91425552435727</longitude>
						<latitude>19.08244557901992</latitude>
						<altitude>0</altitude>
						<heading>13.59892485362993</heading>
						<tilt>21.93363952751677</tilt>
						<range>534.5446639130811</range>
						<gx:altitudeMode>relativeToSeaFloor</gx:altitudeMode>
					</LookAt>
					<styleUrl>#m_ylw-pushpin010</styleUrl>
					<Point>
						<gx:drawOrder>1</gx:drawOrder>
						<coordinates>72.91285277120879,19.08235728976712,0</coordinates>
					</Point>
				</Placemark>
				<Placemark>
					<name>Pant Nagar, पंत नगर</name>
					<visibility>0</visibility>
					<LookAt>
						<longitude>72.9038913511942</longitude>
						<latitude>19.07258862193676</latitude>
						<altitude>0</altitude>
						<heading>13.59553607336708</heading>
						<tilt>21.92861312159105</tilt>
						<range>602.1109841747624</range>
						<gx:altitudeMode>relativeToSeaFloor</gx:altitudeMode>
					</LookAt>
					<styleUrl>#m_ylw-pushpin010</styleUrl>
					<Point>
						<gx:drawOrder>1</gx:drawOrder>
						<coordinates>72.90239653828819,19.07264676887522,0</coordinates>
					</Point>
				</Placemark>
				<Placemark>
					<name>Siddharth Colony, सिद्धार्थ कॉलनी</name>
					<visibility>0</visibility>
					<LookAt>
						<longitude>72.88725413439279</longitude>
						<latitude>19.05642991976575</latitude>
						<altitude>0</altitude>
						<heading>14.54972957669057</heading>
						<tilt>27.50655111184981</tilt>
						<range>479.4125022973532</range>
						<gx:altitudeMode>relativeToSeaFloor</gx:altitudeMode>
					</LookAt>
					<styleUrl>#m_ylw-pushpin010</styleUrl>
					<Point>
						<gx:drawOrder>1</gx:drawOrder>
						<coordinates>72.8869899452078,19.05616915793664,0</coordinates>
					</Point>
				</Placemark>
				<Placemark>
					<name>Suman Nagar, सुमन नगर</name>
					<visibility>0</visibility>
					<LookAt>
						<longitude>72.87910616296342</longitude>
						<latitude>19.04986843053331</latitude>
						<altitude>0</altitude>
						<heading>14.54704981451112</heading>
						<tilt>12.34087569597492</tilt>
						<range>290.8099444563822</range>
						<gx:altitudeMode>relativeToSeaFloor</gx:altitudeMode>
					</LookAt>
					<styleUrl>#m_ylw-pushpin010</styleUrl>
					<Point>
						<gx:drawOrder>1</gx:drawOrder>
						<coordinates>72.87910616296342,19.04986843053331,0</coordinates>
					</Point>
				</Placemark>
				<Placemark>
					<name>Anik Nagar Bus Depot, आणिक नगर बस आगार</name>
					<visibility>0</visibility>
					<LookAt>
						<longitude>72.87911831396417</longitude>
						<latitude>19.04630366999205</latitude>
						<altitude>0</altitude>
						<heading>13.59132843334358</heading>
						<tilt>27.25298113708673</tilt>
						<range>377.5882738231851</range>
						<gx:altitudeMode>relativeToSeaFloor</gx:altitudeMode>
					</LookAt>
					<styleUrl>#m_ylw-pushpin010</styleUrl>
					<Point>
						<gx:drawOrder>1</gx:drawOrder>
						<coordinates>72.87859054446277,19.04618423629103,0</coordinates>
					</Point>
				</Placemark>
				<Placemark>
					<name>Wadala Truck Terminal, वडाळा ट्रक टर्मिनल</name>
					<visibility>0</visibility>
					<LookAt>
						<longitude>72.88079486889961</longitude>
						<latitude>19.03883426782338</latitude>
						<altitude>0</altitude>
						<heading>13.59187706995807</heading>
						<tilt>26.56348585616865</tilt>
						<range>457.0891464222696</range>
						<gx:altitudeMode>relativeToSeaFloor</gx:altitudeMode>
					</LookAt>
					<styleUrl>#m_ylw-pushpin010</styleUrl>
					<Point>
						<gx:drawOrder>1</gx:drawOrder>
						<coordinates>72.88021844706071,19.03800846786315,0</coordinates>
					</Point>
				</Placemark>
				<Placemark>
					<name>Bhakti Park (Wadala), भक्ती पार्क (वडाळा)</name>
					<visibility>0</visibility>
					<LookAt>
						<longitude>72.87873796198765</longitude>
						<latitude>19.02970038347645</latitude>
						<altitude>0</altitude>
						<heading>13.5912061829204</heading>
						<tilt>26.56347131700883</tilt>
						<range>453.4699105650002</range>
						<gx:altitudeMode>relativeToSeaFloor</gx:altitudeMode>
					</LookAt>
					<styleUrl>#m_ylw-pushpin010</styleUrl>
					<Point>
						<gx:drawOrder>1</gx:drawOrder>
						<coordinates>72.87799278127446,19.02930063268811,0</coordinates>
					</Point>
				</Placemark>
				<Placemark>
					<name>Amar Mahal Junction, अमर महल जंक्शन</name>
					<visibility>0</visibility>
					<LookAt>
						<longitude>72.90016332645779</longitude>
						<latitude>19.06703271919426</latitude>
						<altitude>0</altitude>
						<heading>14.55408642431171</heading>
						<tilt>30.00278145016336</tilt>
						<range>619.2690116606755</range>
						<gx:altitudeMode>relativeToSeaFloor</gx:altitudeMode>
					</LookAt>
					<styleUrl>#m_ylw-pushpin010</styleUrl>
					<Point>
						<gx:drawOrder>1</gx:drawOrder>
						<coordinates>72.89977385432174,19.06677284887924,0</coordinates>
					</Point>
				</Placemark>
			</Folder>
		</Folder>
		<Folder>
			<name>Metro Line 5 (Orange) ong.</name>
			<Placemark>
				<name>Metro Line 5 (Orange) ong.</name>
				<styleUrl>#msn_ylw-pushpin22</styleUrl>
				<LineString>
					<tessellate>1</tessellate>
					<coordinates>
						72.97748946820941,19.2243157114744,0 72.97771929801989,19.222870421616,0 72.97784892499546,19.22166335084645,0 72.97796653219243,19.2210795871791,0 72.97807690417626,19.22049852912333,0 72.97827629813813,19.21879017937898,0 72.97833969000131,19.21836328010283,0 72.97868397014875,19.21781533491456,0 72.97912418497674,19.21757416963531,0 72.97954791161818,19.21753182239937,0 72.98007797098549,19.21760698215487,0 72.98197706546625,19.21793524142529,0 72.98253036348635,19.21810690396407,0 72.9830391549152,19.2182620972542,0 72.9835870916355,19.21846855373853,0 72.98443599973703,19.21887795580022,0 72.98730071046707,19.22024010983392,0 72.98791451848865,19.22055274441817,0 72.98909273227403,19.22112911369782,0 72.99017949999572,19.22185353945228,0 72.99069639057548,19.22224742452977,0 72.99151741126074,19.22269941031535,0 72.99244829810175,19.22312326023905,0 72.99310200177928,19.22350730574071,0 72.99408240785905,19.22418129681684,0 72.99459132307912,19.22451072599654,0 72.99541999125363,19.22499474808946,0 72.99650922929533,19.22559484799039,0 72.99809709902574,19.22648148562005,0 72.99975132660438,19.22743644282705,0 73.0018464090425,19.22865723288069,0 73.00419113375075,19.22998731441895,0 73.00527308357229,19.23060348388647,0 73.00646728307096,19.23121124712871,0 73.00763621893599,19.23185794118172,0 73.00848652859533,19.23237179784394,0 73.00917820340551,19.23276176679765,0 73.00963813283875,19.23306109010877,0 73.01016122499131,19.23343413085234,0 73.01060583473422,19.23378144350093,0 73.01161294403522,19.23440846335324,0 73.01291591587852,19.23518120553988,0 73.01344037795255,19.23545426571501,0 73.01420076095371,19.23577973029596,0 73.01472112127914,19.23609470908316,0 73.01519589184704,19.23644918965308,0 73.0157224538811,19.23692693804118,0 73.01589530826119,19.23731585727015,0 73.0159551043447,19.23781513841377,0 73.01601364427334,19.2382363741546,0 73.01627636983604,19.23929738147429,0 73.01643854395803,19.23992948548636,0 73.01710632341712,19.24259901549804,0 73.01744728687461,19.24388839107704,0 73.01778840226544,19.24530779511218,0 73.01797052924988,19.24611220817476,0 73.01797970284188,19.24650412282985,0 73.01799713870356,19.24709235057584,0 73.01793775341449,19.24775633265677,0 73.01786699059319,19.24821548668814,0 73.01780809264777,19.2489965104287,0 73.01786145379009,19.24957064740692,0 73.01788598584284,19.25024018057146,0 73.01794442982118,19.25066137999016,0 73.01801023658339,19.25092559832024,0 73.01808332193433,19.25111015134546,0 73.01824267365737,19.25130521425685,0 73.01838047737209,19.25144449141837,0 73.01855043262256,19.25155404792798,0 73.01899091874419,19.25170564436292,0 73.02136697405149,19.25265742890287,0 73.02175936366386,19.25291814157563,0 73.02233747741305,19.25349265620443,0 73.02284637125454,19.25408284012493,0 73.02376449897072,19.25509221896555,0 73.02668907505617,19.25837693910115,0 73.02790992400938,19.2598160577104,0 73.02870608793157,19.26070560584226,0 73.02919346705411,19.26117701745477,0 73.02996319890606,19.26190144141292,0 73.03102752594917,19.26294195867381,0 73.03200525737219,19.26386744678602,0 73.03311619190501,19.26487546229033,0 73.03411774449606,19.26584813884466,0 73.03526630197327,19.26693320087623,0 73.0369321288336,19.268497727387,0 73.03769865387559,19.26924406363429,0 73.03854336418681,19.27004518208417,0 73.03973570108958,19.27119230986489,0 73.04099035286278,19.27245436707313,0 73.04181831734438,19.27319067779655,0 73.04252606274495,19.27398266159567,0 73.04300456919289,19.27458594119025,0 73.04554971428544,19.27776314534712,0 73.04789094290629,19.2806908221703,0 73.0499711938069,19.28337309658779,0 73.05145981938873,19.2849011435013,0 73.05203855662734,19.28543996678335,0 73.05242059042175,19.28587248800153,0 73.05297732852488,19.28644576612002,0 73.0536017364726,19.28704612985609,0 73.05450796492818,19.28796617122451,0 73.05528903123057,19.28871216086662,0 73.05598717730653,19.28943253459223,0 73.05659179904687,19.29009063298943,0 73.05829888845086,19.29184636980231,0 73.06258161440215,19.2960988699767,0 73.06283687516782,19.29642087635957,0 73.0631434034941,19.2965610990176,0 73.06332831950056,19.29658039011257,0 73.06386411560123,19.29577454498432,0 73.06469918406549,19.29468231563133,0 73.06680605798012,19.29203016834621,0 73.06791987489132,19.29070859848469,0 73.07067466675247,19.2871065016121,0 73.07143512296646,19.28608130774731,0 73.07232463582652,19.28501976979148,0 73.07276211179523,19.28421024223612,0 73.07306795962903,19.28338825358193,0 73.07336520492257,19.28264067560887,0 73.07384653974886,19.2820289556219,0 73.07806222398766,19.276554120997,0 73.08219675325329,19.27092427090514,0 73.08375684039568,19.26912859503283,0 73.08787205394789,19.26366550245046,0 73.08913010677948,19.26245975786976,0 73.09041362007007,19.26146160569235,0 73.09170144281399,19.26037106687325,0 73.09408256460942,19.25778385627196,0 73.09661811623978,19.2550872488569,0 73.09899154104733,19.25269533798857,0 73.10026618152438,19.25186118669914,0 73.10178173654714,19.25086939544738,0 73.10551489293029,19.24871826242823,0 73.10930411323743,19.24622452488517,0 73.11025106951352,19.24603950324909,0 73.11364022674901,19.24578750171077,0 73.11942504025342,19.24675110768635,0 73.12473112148227,19.24634664858159,0 73.12628741469364,19.24631667522437,0 73.12893389216654,19.24411062614912,0 73.12958038211687,19.24376537701437,0 73.1297031316125,19.24335799989149,0 73.12952556947529,19.24102397829392,0 73.12921843538271,19.24005899341266,0 73.12796424895573,19.23913171758414,0 
					</coordinates>
				</LineString>
			</Placemark>
			<Placemark>
				<name>Kapurbawdi, कापूरबावडी</name>
				<visibility>0</visibility>
				<LookAt>
					<longitude>72.97786157348955</longitude>
					<latitude>19.22334111847179</latitude>
					<altitude>0</altitude>
					<heading>-21.42107848426282</heading>
					<tilt>24.59466359171972</tilt>
					<range>735.6283756251925</range>
					<gx:altitudeMode>relativeToSeaFloor</gx:altitudeMode>
				</LookAt>
				<styleUrl>#m_ylw-pushpin300</styleUrl>
				<Point>
					<gx:drawOrder>1</gx:drawOrder>
					<coordinates>72.9775108286081,19.22429918270693,0</coordinates>
				</Point>
			</Placemark>
			<Placemark>
				<name>Balkum Naka, बाळकुम नाका</name>
				<visibility>0</visibility>
				<LookAt>
					<longitude>72.98799070930261</longitude>
					<latitude>19.22093891668974</latitude>
					<altitude>0</altitude>
					<heading>-1.196111727452218</heading>
					<tilt>25.32777221096493</tilt>
					<range>471.9599997993932</range>
					<gx:altitudeMode>relativeToSeaFloor</gx:altitudeMode>
				</LookAt>
				<styleUrl>#m_ylw-pushpin300</styleUrl>
				<Point>
					<gx:drawOrder>1</gx:drawOrder>
					<coordinates>72.98791493242292,19.22056884792736,0</coordinates>
				</Point>
			</Placemark>
			<Placemark>
				<name>Kasheli, कशेळी</name>
				<visibility>0</visibility>
				<LookAt>
					<longitude>73.01673536000887</longitude>
					<latitude>19.24024754675956</latitude>
					<altitude>0</altitude>
					<heading>-1.186501097967385</heading>
					<tilt>27.38259740044288</tilt>
					<range>582.7087458950335</range>
					<gx:altitudeMode>relativeToSeaFloor</gx:altitudeMode>
				</LookAt>
				<styleUrl>#m_ylw-pushpin300</styleUrl>
				<Point>
					<gx:drawOrder>1</gx:drawOrder>
					<coordinates>73.01637545090779,19.23981242722836,0</coordinates>
				</Point>
			</Placemark>
			<Placemark>
				<name>Kalher, काल्हेर</name>
				<visibility>0</visibility>
				<LookAt>
					<longitude>73.02349969771058</longitude>
					<latitude>19.25424571955509</latitude>
					<altitude>0</altitude>
					<heading>-1.184233070167002</heading>
					<tilt>28.71454404153098</tilt>
					<range>722.9984368793516</range>
					<gx:altitudeMode>relativeToSeaFloor</gx:altitudeMode>
				</LookAt>
				<styleUrl>#m_ylw-pushpin300</styleUrl>
				<Point>
					<gx:drawOrder>1</gx:drawOrder>
					<coordinates>73.02279613512636,19.25400679129653,0</coordinates>
				</Point>
			</Placemark>
			<Placemark>
				<name>Purna, पूर्णा</name>
				<visibility>0</visibility>
				<LookAt>
					<longitude>73.0285361945545</longitude>
					<latitude>19.25991593231208</latitude>
					<altitude>0</altitude>
					<heading>-1.182645809158951</heading>
					<tilt>26.93447596350781</tilt>
					<range>514.1990074366001</range>
					<gx:altitudeMode>relativeToSeaFloor</gx:altitudeMode>
				</LookAt>
				<styleUrl>#m_ylw-pushpin300</styleUrl>
				<Point>
					<gx:drawOrder>1</gx:drawOrder>
					<coordinates>73.02784560511391,19.25975966744736,0</coordinates>
				</Point>
			</Placemark>
			<Placemark>
				<name>Anjur Phata, अंजूर फाटा</name>
				<visibility>0</visibility>
				<LookAt>
					<longitude>73.04349909261376</longitude>
					<latitude>19.27459828428647</latitude>
					<altitude>0</altitude>
					<heading>-1.177611465053154</heading>
					<tilt>28.94345426167724</tilt>
					<range>657.8884037614661</range>
					<gx:altitudeMode>relativeToSeaFloor</gx:altitudeMode>
				</LookAt>
				<styleUrl>#m_ylw-pushpin300</styleUrl>
				<Point>
					<gx:drawOrder>1</gx:drawOrder>
					<coordinates>73.04300117216435,19.27459850795742,0</coordinates>
				</Point>
			</Placemark>
			<Placemark>
				<name>Dhamankar Naka, धामणकर नाका</name>
				<visibility>0</visibility>
				<LookAt>
					<longitude>73.05284634080222</longitude>
					<latitude>19.28622509532837</latitude>
					<altitude>0</altitude>
					<heading>-1.174502855470982</heading>
					<tilt>29.45310091998786</tilt>
					<range>478.891187383372</range>
					<gx:altitudeMode>relativeToSeaFloor</gx:altitudeMode>
				</LookAt>
				<styleUrl>#m_ylw-pushpin300</styleUrl>
				<Point>
					<gx:drawOrder>1</gx:drawOrder>
					<coordinates>73.05241701066458,19.2858411610298,0</coordinates>
				</Point>
			</Placemark>
			<Placemark>
				<name>भिवंडी, Bhiwandi</name>
				<visibility>0</visibility>
				<Camera>
					<longitude>73.06618538273301</longitude>
					<latitude>19.28429377388732</latitude>
					<altitude>1962.74791362215</altitude>
					<heading>-5.720722002531474</heading>
					<tilt>29.90364207687098</tilt>
					<roll>0.7171099636564426</roll>
					<gx:altitudeMode>relativeToSeaFloor</gx:altitudeMode>
				</Camera>
				<styleUrl>#m_ylw-pushpin31</styleUrl>
				<Point>
					<gx:drawOrder>1</gx:drawOrder>
					<coordinates>73.05998755835084,19.29336493090482,0</coordinates>
				</Point>
			</Placemark>
			<Placemark>
				<name>Gopal Nagar, गोपाळ नगर</name>
				<visibility>0</visibility>
				<Camera>
					<longitude>73.06784325428373</longitude>
					<latitude>19.28648453947395</latitude>
					<altitude>1498.537459225245</altitude>
					<heading>-5.722586348933623</heading>
					<tilt>29.99999247605653</tilt>
					<roll>0.7144542591958202</roll>
					<gx:altitudeMode>relativeToSeaFloor</gx:altitudeMode>
				</Camera>
				<styleUrl>#m_ylw-pushpin31</styleUrl>
				<Point>
					<gx:drawOrder>1</gx:drawOrder>
					<coordinates>73.06450285130839,19.29454385680239,0</coordinates>
				</Point>
			</Placemark>
			<Placemark>
				<name>Temghar, टेमघर</name>
				<visibility>0</visibility>
				<Camera>
					<longitude>73.07617304378029</longitude>
					<latitude>19.27779664577884</latitude>
					<altitude>839.9562778621685</altitude>
					<heading>-5.719836604045125</heading>
					<tilt>30.00000001579896</tilt>
					<roll>0.7122495935283241</roll>
					<gx:altitudeMode>relativeToSeaFloor</gx:altitudeMode>
				</Camera>
				<styleUrl>#m_ylw-pushpin31</styleUrl>
				<Point>
					<gx:drawOrder>1</gx:drawOrder>
					<coordinates>73.07417285453853,19.28166344587251,0</coordinates>
				</Point>
			</Placemark>
			<Placemark>
				<name>Rajnouli Village, रांजणोली गाव</name>
				<visibility>0</visibility>
				<Camera>
					<longitude>73.08521367729604</longitude>
					<latitude>19.26534466364456</latitude>
					<altitude>740.9424079701964</altitude>
					<heading>-5.716853250648117</heading>
					<tilt>30.00000005647771</tilt>
					<roll>0.7108620969036903</roll>
					<gx:altitudeMode>relativeToSeaFloor</gx:altitudeMode>
				</Camera>
				<styleUrl>#m_ylw-pushpin31</styleUrl>
				<Point>
					<gx:drawOrder>1</gx:drawOrder>
					<coordinates>73.08405620885796,19.26861174541445,0</coordinates>
				</Point>
			</Placemark>
			<Placemark>
				<name>Govegaon MIDC, गोवेगाव एमआयडीसी</name>
				<visibility>0</visibility>
				<Camera>
					<longitude>73.09269102362732</longitude>
					<latitude>19.25502967357101</latitude>
					<altitude>1417.803440107045</altitude>
					<heading>-5.714386494356308</heading>
					<tilt>30.00000005068111</tilt>
					<roll>0.7119555536046325</roll>
					<gx:altitudeMode>relativeToSeaFloor</gx:altitudeMode>
				</Camera>
				<styleUrl>#m_ylw-pushpin31</styleUrl>
				<Point>
					<gx:drawOrder>1</gx:drawOrder>
					<coordinates>73.09013475359514,19.26166859527566,0</coordinates>
				</Point>
			</Placemark>
			<Placemark>
				<name>Kongaon, कोनगाव</name>
				<visibility>0</visibility>
				<Camera>
					<longitude>73.11057994752217</longitude>
					<latitude>19.24044586106347</latitude>
					<altitude>2045.8032003792</altitude>
					<heading>-5.708492504714361</heading>
					<tilt>30.00000008064962</tilt>
					<roll>0.7096310423561184</roll>
					<gx:altitudeMode>relativeToSeaFloor</gx:altitudeMode>
				</Camera>
				<styleUrl>#m_ylw-pushpin31</styleUrl>
				<Point>
					<gx:drawOrder>1</gx:drawOrder>
					<coordinates>73.10645008105604,19.2480497843621,0</coordinates>
				</Point>
			</Placemark>
			<Placemark>
				<name>Durgadi Fort, दुर्गाडी किल्ला</name>
				<visibility>0</visibility>
				<Camera>
					<longitude>73.12668328058977</longitude>
					<latitude>19.23962816032214</latitude>
					<altitude>1587.008821390127</altitude>
					<heading>-5.703184707345363</heading>
					<tilt>30.00000006944935</tilt>
					<roll>0.7088469909997419</roll>
					<gx:altitudeMode>relativeToSeaFloor</gx:altitudeMode>
				</Camera>
				<styleUrl>#m_ylw-pushpin31</styleUrl>
				<Point>
					<gx:drawOrder>1</gx:drawOrder>
					<coordinates>73.1226151168772,19.24655944810958,0</coordinates>
				</Point>
			</Placemark>
			<Placemark>
				<name>Sahajanand Chowk, सहजानंद चौक</name>
				<visibility>0</visibility>
				<Camera>
					<longitude>73.12958982218359</longitude>
					<latitude>19.23731655998752</latitude>
					<altitude>1590.060250338031</altitude>
					<heading>-5.702227032084583</heading>
					<tilt>30.00000006944932</tilt>
					<roll>0.7088469909993778</roll>
					<gx:altitudeMode>relativeToSeaFloor</gx:altitudeMode>
				</Camera>
				<styleUrl>#m_ylw-pushpin31</styleUrl>
				<Point>
					<gx:drawOrder>1</gx:drawOrder>
					<coordinates>73.12839215070757,19.24480506702529,0</coordinates>
				</Point>
			</Placemark>
			<Placemark>
				<name>Kalyan Railway Station, कल्याण रेल्वे स्थानक</name>
				<visibility>0</visibility>
				<LookAt>
					<longitude>73.12828347360639</longitude>
					<latitude>19.23910719431466</latitude>
					<altitude>0</altitude>
					<heading>-0.4057815989883869</heading>
					<tilt>30.00340484426267</tilt>
					<range>758.0614228145444</range>
					<gx:altitudeMode>relativeToSeaFloor</gx:altitudeMode>
				</LookAt>
				<styleUrl>#msn_mmm1</styleUrl>
				<Point>
					<gx:drawOrder>1</gx:drawOrder>
					<coordinates>73.12758609303592,19.23883725129479,0</coordinates>
				</Point>
			</Placemark>
			<Placemark>
				<name>Kalyan APMC, कल्याण एपीएमसी</name>
				<visibility>0</visibility>
				<LookAt>
					<longitude>73.12323421814627</longitude>
					<latitude>19.23566896971228</latitude>
					<altitude>0</altitude>
					<heading>-0.407445094974359</heading>
					<tilt>30.00346399938538</tilt>
					<range>771.2302830037372</range>
					<gx:altitudeMode>relativeToSeaFloor</gx:altitudeMode>
				</LookAt>
				<styleUrl>#msn_mmm1</styleUrl>
				<Point>
					<gx:drawOrder>1</gx:drawOrder>
					<coordinates>73.12234376068747,19.23508866022033,0</coordinates>
				</Point>
			</Placemark>
		</Folder>
		<Folder>
			<name>Metro Line 6 (Pink)</name>
			<Placemark>
				<name>Metro Line 6 (Pink)</name>
				<styleUrl>#msn_ylw-pushpin60</styleUrl>
				<LineString>
					<tessellate>1</tessellate>
					<coordinates>
						72.82098661363567,19.14228979818139,0 72.822454844597,19.14074657512603,0 72.82334518000989,19.1397326931412,0 72.82386406958926,19.13945558439283,0 72.82415875685356,19.13942826789503,0 72.82464557375884,19.13949956821281,0 72.82558342388262,19.13976027941908,0 72.82648185045565,19.14022397106898,0 72.82769719656794,19.14106740873227,0 72.82838676905951,19.14157849570332,0 72.82876826720462,19.14175141918874,0 72.82909858539183,19.14186178759801,0 72.82959120137106,19.14187254171225,0 72.83073241737907,19.14195172686964,0 72.83187649001404,19.14201814133233,0 72.83358080267558,19.1419168678596,0 72.83515266125985,19.14174381091587,0 72.83617313398267,19.14175246895984,0 72.83687886547172,19.1416214671128,0 72.83739735604632,19.14138498310186,0 72.83886965470957,19.14080405207853,0 72.83928570610369,19.14070068274939,0 72.8397575175353,19.14054435025984,0 72.84027030304074,19.14042038464742,0 72.84079257075723,19.14039551564902,0 72.84151099700527,19.14028753773661,0 72.84217698309936,19.14003611415379,0 72.84278351596288,19.13973508005504,0 72.84324897253083,19.1394831776829,0 72.8436152805339,19.13936028296056,0 72.84391348733827,19.13936158055469,0 72.84418622432932,19.13945503588909,0 72.84458058616332,19.13961987994424,0 72.84495242125185,19.13966241938585,0 72.84560624825438,19.13971992727316,0 72.84621425719195,19.13964095999083,0 72.84763609916322,19.13941487562919,0 72.84916432211429,19.13916368389226,0 72.85027991567158,19.13893428554834,0 72.85112819715789,19.139150089793,0 72.85204748598343,19.1394600370708,0 72.85286984014586,19.1398582411613,0 72.85357235168634,19.14017150598526,0 72.85414735748817,19.14056488890555,0 72.85501500647911,19.14084661784213,0 72.85572461417883,19.14099454225114,0 72.85649633536015,19.1411314108056,0 72.85704881727293,19.14115595528123,0 72.85774314009846,19.14088745348871,0 72.85810113047293,19.14069826497457,0 72.85876638980685,19.14038419918356,0 72.85951416272125,19.1400007805113,0 72.86041524025158,19.1395973372935,0 72.86196977591023,19.13926277519314,0 72.86275497604088,19.13911648429613,0 72.86340265465313,19.13902742059614,0 72.86411072294077,19.13904296026722,0 72.86499523654396,19.13916533714169,0 72.8659254049653,19.13942601585416,0 72.86681933755986,19.13971339516453,0 72.86774647270218,19.13984674915057,0 72.86846562462759,19.1398105335272,0 72.86904563097036,19.13972667818765,0 72.86971072693041,19.13956604721066,0 72.87038758253856,19.1393678650531,0 72.8709970629676,19.13909927639618,0 72.8715571795602,19.13878652588568,0 72.87214864464057,19.13836652029064,0 72.87263980883877,19.13788139116452,0 72.87300725918996,19.13743927862449,0 72.87340850149361,19.13683336382863,0 72.87377004245556,19.13617600950614,0 72.87407512761992,19.13552144559184,0 72.87455910118948,19.13439606366864,0 72.87465205395755,19.13390961484598,0 72.87471919999389,19.13340625261778,0 72.87477323975141,19.13281922840393,0 72.87482720213961,19.1323026931201,0 72.87489440714117,19.1320438973017,0 72.87507360378665,19.13167302316789,0 72.87543294601953,19.13121004435827,0 72.87609429157887,19.13076793011872,0 72.87649133887753,19.13057206737532,0 72.8772298963904,19.13033416321277,0 72.87842753139877,19.13005339593555,0 72.87993491173818,19.12975583084969,0 72.88092345419037,19.12957371075486,0 72.88127797228813,19.12949098967919,0 72.88178662403671,19.12950657193229,0 72.88249614696085,19.12946209370224,0 72.88414359839653,19.12946086545029,0 72.88503868862169,19.12942705388937,0 72.88600724740454,19.12937134092671,0 72.88657622066859,19.12912120145629,0 72.8872440898198,19.12870536306689,0 72.88778278381163,19.12830950892156,0 72.88827402635233,19.12798803507684,0 72.88888051788821,19.1275152975908,0 72.89000127011184,19.12653846789408,0 72.89059260475183,19.12620613090108,0 72.89118055867921,19.12590751776964,0 72.89182681547737,19.12563776403192,0 72.89183643477007,19.1256328947654,0 72.89271063517202,19.12539930999489,0 72.8935856492476,19.12512792305316,0 72.89446891418108,19.12497073458608,0 72.89511048204966,19.12494322055812,0 72.89566539933567,19.12486364875449,0 72.89621105140273,19.12470041810875,0 72.89653386227116,19.12452503079937,0 72.89692887154958,19.12430098224467,0 72.89733445941565,19.12408862250781,0 72.89771296376172,19.12384924441234,0 72.89809969696941,19.12349809549665,0 72.89833071184846,19.1231820757353,0 72.89866614800533,19.12250574869242,0 72.89892343729403,19.1218669363116,0 72.89921059821452,19.12108669099349,0 72.89947693316886,19.12061449308566,0 72.89983654408368,19.12033087347214,0 72.90022451239435,19.1201493035811,0 72.90083130181699,19.1200365755729,0 72.90149862453838,19.11990073848271,0 72.90231328228671,19.11965366940681,0 72.90323818458494,19.11943665058955,0 72.90370287182705,19.11941431410386,0 72.90455170625781,19.1195533900197,0 72.90516374731672,19.11976304759255,0 72.90620764092802,19.12013438524856,0 72.90729284783971,19.12071473243344,0 72.9077772099573,19.12098719349452,0 72.90816452763467,19.12143238737416,0 72.90835270609769,19.12195572349691,0 72.90857565163526,19.12315990132358,0 72.90875469557486,19.1234848113013,0 72.90885586167005,19.12362730568676,0 72.90906626804052,19.12379204244462,0 72.90928457594053,19.1239079969521,0 72.90952500161542,19.12399327394627,0 72.90977883572857,19.12402485483215,0 72.91017945461154,19.12398896639936,0 72.911302935153,19.123829356393,0 72.9117695038629,19.12378105005726,0 72.91198826104147,19.12379011578899,0 72.91226865186414,19.12384011636019,0 72.91257097897059,19.12391316901234,0 72.91381823676487,19.12423469254517,0 72.91524131779097,19.12464894857834,0 72.91624286000282,19.12491507353798,0 72.91665533122364,19.12510626708166,0 72.91706545196402,19.12548529373933,0 72.91780918828428,19.12628113137454,0 72.91860048245033,19.12725715798318,0 72.91906035766668,19.12794424723249,0 72.919299877136,19.12825423906902,0 72.91952718028118,19.12841198894753,0 72.91970840737953,19.12849348261367,0 72.91987523346501,19.12854202384854,0 72.92010104511657,19.12858485012805,0 72.92033406667011,19.12856488086382,0 72.9206395881625,19.12852653204097,0 72.92098769900048,19.12836197268985,0 72.92120452206473,19.12813863405265,0 72.92134652162919,19.12785337203159,0 72.92188495737135,19.1264830478331,0 72.92219286653764,19.12610465876346,0 72.92255224096273,19.12594245411261,0 72.92319419553341,19.12580194531778,0 72.92441737741048,19.12554150125755,0 72.92574489082482,19.12541484507908,0 72.92772620494274,19.1253271204387,0 72.92893258674606,19.12533436634403,0 72.93085513262186,19.12516326490642,0 72.93213592252751,19.12506650292883,0 72.93455153576869,19.12495976241814,0 72.93531925517226,19.12489917292635,0 72.93701015424375,19.12480976535953,0 72.9379803853967,19.12438246677475,0 72.93826292453038,19.12420728848293,0 72.93856958960178,19.12405557257729,0 72.9389242098672,19.12518540057429,0 72.94060001663918,19.12873982138461,0 72.94076259880919,19.12919940868221,0 72.94272899330356,19.13250944368041,0 72.94375066628319,19.1339947908812,0 
					</coordinates>
				</LineString>
			</Placemark>
			<Placemark>
				<name>Swami Samarth Nagar (Lokhandwala), स्वामी समर्थ नगर (लोखंडवाला)</name>
				<visibility>0</visibility>
				<LookAt>
					<longitude>72.82744863515248</longitude>
					<latitude>19.14101101609723</latitude>
					<altitude>0</altitude>
					<heading>-4.786636481296673</heading>
					<tilt>27.8317253853011</tilt>
					<range>506.1474802084829</range>
					<gx:altitudeMode>relativeToSeaFloor</gx:altitudeMode>
				</LookAt>
				<styleUrl>#m_ylw-pushpin21</styleUrl>
				<Point>
					<gx:drawOrder>1</gx:drawOrder>
					<coordinates>72.8271988215877,19.14069046527636,0</coordinates>
				</Point>
			</Placemark>
			<Placemark>
				<name>Adarsh Nagar, आदर्श नगर</name>
				<visibility>0</visibility>
				<LookAt>
					<longitude>72.83496169187598</longitude>
					<latitude>19.14211286866259</latitude>
					<altitude>0</altitude>
					<heading>2.527731870302573</heading>
					<tilt>21.13272808340635</tilt>
					<range>875.3266292568801</range>
					<gx:altitudeMode>relativeToSeaFloor</gx:altitudeMode>
				</LookAt>
				<styleUrl>#m_ylw-pushpin21</styleUrl>
				<Point>
					<gx:drawOrder>1</gx:drawOrder>
					<coordinates>72.83374352409481,19.14189141773432,0</coordinates>
				</Point>
			</Placemark>
			<Placemark>
				<name>जोगेश्वरी (पश्चिम), Jogeshwari (West)</name>
				<visibility>0</visibility>
				<LookAt>
					<longitude>72.84268413902937</longitude>
					<latitude>19.14050000792964</latitude>
					<altitude>0</altitude>
					<heading>2.564376869193719</heading>
					<tilt>28.60861684173676</tilt>
					<range>667.505300433475</range>
					<gx:altitudeMode>relativeToSeaFloor</gx:altitudeMode>
				</LookAt>
				<styleUrl>#m_ylw-pushpin21</styleUrl>
				<Point>
					<gx:drawOrder>1</gx:drawOrder>
					<coordinates>72.84135333048377,19.14030189544254,0</coordinates>
				</Point>
			</Placemark>
			<Placemark>
				<name>JVLR Junction, जेवीएलआर जंक्शन</name>
				<visibility>0</visibility>
				<LookAt>
					<longitude>72.85513918557851</longitude>
					<latitude>19.1405669068047</latitude>
					<altitude>0</altitude>
					<heading>0.6278939263333956</heading>
					<tilt>15.90285575277804</tilt>
					<range>625.3655197234222</range>
					<gx:altitudeMode>relativeToSeaFloor</gx:altitudeMode>
				</LookAt>
				<styleUrl>#m_ylw-pushpin21</styleUrl>
				<Point>
					<gx:drawOrder>1</gx:drawOrder>
					<coordinates>72.8529685510287,19.13991916457345,0</coordinates>
				</Point>
			</Placemark>
			<Placemark>
				<name>Shyam Nagar, श्याम नगर</name>
				<visibility>0</visibility>
				<LookAt>
					<longitude>72.86197978491205</longitude>
					<latitude>19.13973360805242</latitude>
					<altitude>0</altitude>
					<heading>2.575300720070059</heading>
					<tilt>30.00200955233407</tilt>
					<range>447.331054234779</range>
					<gx:altitudeMode>relativeToSeaFloor</gx:altitudeMode>
				</LookAt>
				<styleUrl>#m_ylw-pushpin21</styleUrl>
				<Point>
					<gx:drawOrder>1</gx:drawOrder>
					<coordinates>72.86177612882155,19.13930501204223,0</coordinates>
				</Point>
			</Placemark>
			<Placemark>
				<name>Mahakali Caves, महाकाली लेणी</name>
				<visibility>0</visibility>
				<LookAt>
					<longitude>72.87433648281831</longitude>
					<latitude>19.1359020026269</latitude>
					<altitude>0</altitude>
					<heading>-12.03448915138445</heading>
					<tilt>14.87590550551541</tilt>
					<range>452.6709935863194</range>
					<gx:altitudeMode>relativeToSeaFloor</gx:altitudeMode>
				</LookAt>
				<styleUrl>#m_ylw-pushpin21</styleUrl>
				<Point>
					<gx:drawOrder>1</gx:drawOrder>
					<coordinates>72.87400136301126,19.13560487320147,0</coordinates>
				</Point>
			</Placemark>
			<Placemark>
				<name>SEEPZ Village, सीप्झ गाव</name>
				<visibility>0</visibility>
				<LookAt>
					<longitude>72.88336077604403</longitude>
					<latitude>19.1302511165858</latitude>
					<altitude>0</altitude>
					<heading>-22.13354899835565</heading>
					<tilt>0</tilt>
					<range>540.5341158895327</range>
					<gx:altitudeMode>relativeToSeaFloor</gx:altitudeMode>
				</LookAt>
				<styleUrl>#m_ylw-pushpin21</styleUrl>
				<Point>
					<gx:drawOrder>1</gx:drawOrder>
					<coordinates>72.88240991589801,19.12947377259693,0</coordinates>
				</Point>
			</Placemark>
			<Placemark>
				<name>Saki Vihar Road, साकी विहार रोड</name>
				<visibility>0</visibility>
				<LookAt>
					<longitude>72.89034070272889</longitude>
					<latitude>19.12696013533456</latitude>
					<altitude>0</altitude>
					<heading>-29.65370319572401</heading>
					<tilt>21.28684697692553</tilt>
					<range>492.4788052770259</range>
					<gx:altitudeMode>relativeToSeaFloor</gx:altitudeMode>
				</LookAt>
				<styleUrl>#m_ylw-pushpin21</styleUrl>
				<Point>
					<gx:drawOrder>1</gx:drawOrder>
					<coordinates>72.88979005832576,19.12668549862065,0</coordinates>
				</Point>
			</Placemark>
			<Placemark>
				<name>Rambaug (Powai), रामबाग (पवई)</name>
				<visibility>0</visibility>
				<LookAt>
					<longitude>72.90064538170124</longitude>
					<latitude>19.12220322945907</latitude>
					<altitude>0</altitude>
					<heading>-10.84016205214788</heading>
					<tilt>1.590058898844338</tilt>
					<range>747.3829510875316</range>
					<gx:altitudeMode>relativeToSeaFloor</gx:altitudeMode>
				</LookAt>
				<styleUrl>#m_ylw-pushpin21</styleUrl>
				<Point>
					<gx:drawOrder>1</gx:drawOrder>
					<coordinates>72.89895452881984,19.12186535562067,0</coordinates>
				</Point>
			</Placemark>
			<Placemark>
				<name>Powai Lake, पवई तलाव</name>
				<visibility>0</visibility>
				<LookAt>
					<longitude>72.90658771203428</longitude>
					<latitude>19.1209299393282</latitude>
					<altitude>0</altitude>
					<heading>-10.8382157313162</heading>
					<tilt>1.59005865881757</tilt>
					<range>746.4207410311354</range>
					<gx:altitudeMode>relativeToSeaFloor</gx:altitudeMode>
				</LookAt>
				<styleUrl>#m_ylw-pushpin21</styleUrl>
				<Point>
					<gx:drawOrder>1</gx:drawOrder>
					<coordinates>72.90601765443597,19.12011661025658,0</coordinates>
				</Point>
			</Placemark>
			<Placemark>
				<name>IIT Powai, आयआयटी पवई</name>
				<visibility>0</visibility>
				<LookAt>
					<longitude>72.91409976616384</longitude>
					<latitude>19.12472509271577</latitude>
					<altitude>0</altitude>
					<heading>-10.83910789264569</heading>
					<tilt>6.147305389204514</tilt>
					<range>604.4515085124069</range>
					<gx:altitudeMode>relativeToSeaFloor</gx:altitudeMode>
				</LookAt>
				<styleUrl>#m_ylw-pushpin21</styleUrl>
				<Point>
					<gx:drawOrder>1</gx:drawOrder>
					<coordinates>72.91377436792733,19.12426122795075,0</coordinates>
				</Point>
			</Placemark>
			<Placemark>
				<name>Vikhroli EEH, विक्रोळी इइएच</name>
				<visibility>0</visibility>
				<LookAt>
					<longitude>72.93590793976887</longitude>
					<latitude>19.12555781430045</latitude>
					<altitude>0</altitude>
					<heading>-10.83196270279062</heading>
					<tilt>6.147342717916128</tilt>
					<range>643.2572382484555</range>
					<gx:altitudeMode>relativeToSeaFloor</gx:altitudeMode>
				</LookAt>
				<styleUrl>#m_ylw-pushpin21</styleUrl>
				<Point>
					<gx:drawOrder>1</gx:drawOrder>
					<coordinates>72.93520464616564,19.1248780113486,0</coordinates>
				</Point>
			</Placemark>
			<Placemark>
				<name>कांजूरमार्ग (पश्चिम), Kanjurmarg (West)</name>
				<visibility>0</visibility>
				<LookAt>
					<longitude>72.9259878469115</longitude>
					<latitude>19.1259412260616</latitude>
					<altitude>0</altitude>
					<heading>-10.83549255337415</heading>
					<tilt>14.92633747082055</tilt>
					<range>492.0875013994286</range>
					<gx:altitudeMode>relativeToSeaFloor</gx:altitudeMode>
				</LookAt>
				<styleUrl>#m_ylw-pushpin21</styleUrl>
				<Point>
					<gx:drawOrder>1</gx:drawOrder>
					<coordinates>72.9245210067276,19.12555149043348,0</coordinates>
				</Point>
			</Placemark>
		</Folder>
		<Folder>
			<name>Metro Line 7 (Red)</name>
			<Placemark>
				<name>Metro Line 7 (Red)</name>
				<styleUrl>#msn_ylw-pushpin30</styleUrl>
				<LineString>
					<tessellate>1</tessellate>
					<coordinates>
						72.86760344284276,19.25152541085792,0 72.86611387638391,19.24911988184299,0 72.86529415985729,19.24797221235193,0 72.86496057084339,19.24732047835417,0 72.86485597221973,19.24687817005236,0 72.86463055978658,19.24593037280203,0 72.86425781721914,19.24332914430483,0 72.86379940483549,19.24025263744859,0 72.86363773670229,19.23932711397615,0 72.86320936972011,19.23661092417597,0 72.86316993502628,19.23588696934444,0 72.86320215813917,19.23469049357093,0 72.86319023974092,19.2328712263249,0 72.86321163132638,19.22942550260744,0 72.86324506409899,19.2283752244294,0 72.86331078175169,19.22711898445775,0 72.86341483037646,19.22673203625682,0 72.86373888202573,19.22577285567961,0 72.8642844146692,19.22424940346866,0 72.86473621547518,19.22308218179699,0 72.86518742804346,19.22158537523022,0 72.86540741445648,19.22095553908009,0 72.86592325865506,19.21950794506467,0 72.86611091682603,19.21895837556688,0 72.86631248882688,19.21848910947186,0 72.86680646652707,19.21720288937532,0 72.86767218126606,19.21458577559893,0 72.86812384097966,19.21317928823547,0 72.8682967772818,19.21246952574634,0 72.86836162276531,19.21192113520942,0 72.86839076493105,19.21121596066799,0 72.86836492685708,19.21080524181195,0 72.86826460187541,19.21010240873859,0 72.86804445260036,19.20934332395246,0 72.86766819463051,19.20855702202836,0 72.86694883984838,19.20749215695251,0 72.86622041761876,19.20675238449563,0 72.86568005468182,19.20622398657845,0 72.86522549862443,19.2057528870807,0 72.8634374567628,19.20391378830001,0 72.86247587874244,19.20294670490863,0 72.86199661814086,19.20221264888831,0 72.86179839611899,19.2018865237221,0 72.8615364294201,19.20128989369138,0 72.86107077288224,19.20012963042305,0 72.86091993190561,19.19947446094432,0 72.8606866275493,19.19820716239035,0 72.86018466106471,19.19591382954729,0 72.85987225132412,19.19459313268441,0 72.85967929643206,19.19406970009787,0 72.85950083752039,19.19359680669186,0 72.85881157226332,19.1924598272457,0 72.85829421022652,19.19153912956882,0 72.85825771893656,19.19039876576417,0 72.85839683385353,19.1895433803419,0 72.85850322548228,19.18901037612951,0 72.85855071137706,19.18719037605084,0 72.8585031483892,19.18516362104218,0 72.85838088886138,19.18430174926142,0 72.85834302546849,19.18403970069103,0 72.85835788342133,19.18293315695188,0 72.85828444133418,19.18148512761763,0 72.85822616017582,19.18081995143016,0 72.85832596376233,19.17962585151281,0 72.85830991359109,19.17823797761704,0 72.8586883046566,19.17698894127589,0 72.85908584449282,19.17595102911371,0 72.859272204091,19.17509430474023,0 72.85930429700645,19.17405381667801,0 72.85920060558712,19.17309950582666,0 72.85888608245421,19.17049296235441,0 72.85875982205634,19.16931901310729,0 72.85847729403822,19.16698723537622,0 72.85816317112432,19.16436082668174,0 72.85788247685913,19.16207711844528,0 72.85750465334604,19.15955127188424,0 72.85695137938556,19.15565250520927,0 72.85659204778723,19.15252175742868,0 72.85600998049641,19.14658250142917,0 72.85588249397607,19.14534638662595,0 72.85515152364536,19.14289434936506,0 72.85464810016212,19.14073666670973,0 72.85488549666076,19.13810437419566,0 72.85517393232934,19.13686030482226,0 72.85526439556543,19.13430767138217,0 72.8552502480114,19.13292069616179,0 72.85547962480967,19.1286420021576,0 72.8555498521881,19.12702433214532,0 72.85621752962055,19.12573904832605,0 72.85676507207685,19.1245198330239,0 72.85652094299931,19.12279785659617,0 72.856056681382,19.12054041144678,0 72.85524194388645,19.11488937333906,0 72.85403276848206,19.10909536706878,0 72.85373480772623,19.10766119782206,0 72.85400786124859,19.10613174934484,0 72.85439402913951,19.10424080203302,0 72.85456172377177,19.10364631113642,0 72.85487397509752,19.1030802400116,0 72.85557252734388,19.10266584261461,0 72.85671525206767,19.1024391957832,0 72.85742554591624,19.10238824148097,0 72.85888333548023,19.10223727135552,0 72.86093222867319,19.10220029420506,0 72.86185356549288,19.10207687812559,0 72.86430194901013,19.10254498506657,0 72.8655200291938,19.10265009653822,0 72.86946709402368,19.10247696778036,0 72.87056746379287,19.10249600707402,0 72.87222935527387,19.10222775311674,0 72.87297050353534,19.10223123366286,0 72.87336415702792,19.10225976335723,0 72.87422478387629,19.10222252147141,0 72.87450395705854,19.10221203247985,0 
					</coordinates>
				</LineString>
			</Placemark>
			<Placemark>
				<name>दहिसर (पूर्व), Dahisar (East)</name>
				<visibility>0</visibility>
				<open>1</open>
				<LookAt>
					<longitude>72.86882210460185</longitude>
					<latitude>19.2515519802175</latitude>
					<altitude>0</altitude>
					<heading>3.061375520085776</heading>
					<tilt>30.00319902752375</tilt>
					<range>712.2299812610838</range>
					<gx:altitudeMode>relativeToSeaFloor</gx:altitudeMode>
				</LookAt>
				<styleUrl>#msn_download (4)00</styleUrl>
				<Point>
					<gx:drawOrder>1</gx:drawOrder>
					<coordinates>72.86737519916609,19.25109031553767,0</coordinates>
				</Point>
			</Placemark>
			<Placemark>
				<name>Ovaripada, ओवरीपाडा</name>
				<visibility>0</visibility>
				<LookAt>
					<longitude>72.86570940842851</longitude>
					<latitude>19.24373105272465</latitude>
					<altitude>0</altitude>
					<heading>3.060349294786975</heading>
					<tilt>30.00315217175075</tilt>
					<range>701.7988308576304</range>
					<gx:altitudeMode>relativeToSeaFloor</gx:altitudeMode>
				</LookAt>
				<styleUrl>#msn_download (4)00</styleUrl>
				<Point>
					<gx:drawOrder>1</gx:drawOrder>
					<coordinates>72.86420884599791,19.2433129863412,0</coordinates>
				</Point>
			</Placemark>
			<Placemark>
				<name>Rashtriya Udyan, राष्ट्रीय उद्यान</name>
				<visibility>0</visibility>
				<LookAt>
					<longitude>72.86480931854886</longitude>
					<latitude>19.2352203917192</latitude>
					<altitude>0</altitude>
					<heading>3.06005262476193</heading>
					<tilt>30.00312812860543</tilt>
					<range>696.4463838476541</range>
					<gx:altitudeMode>relativeToSeaFloor</gx:altitudeMode>
				</LookAt>
				<styleUrl>#msn_download (4)00</styleUrl>
				<Point>
					<gx:drawOrder>1</gx:drawOrder>
					<coordinates>72.86324132985987,19.23468430605362,0</coordinates>
				</Point>
			</Placemark>
			<Placemark>
				<name>Devipada, देवीपाडा</name>
				<visibility>0</visibility>
				<LookAt>
					<longitude>72.86604930311778</longitude>
					<latitude>19.22460688255002</latitude>
					<altitude>0</altitude>
					<heading>3.060460717995606</heading>
					<tilt>30.00311115139405</tilt>
					<range>692.6671672793366</range>
					<gx:altitudeMode>relativeToSeaFloor</gx:altitudeMode>
				</LookAt>
				<styleUrl>#msn_download (4)00</styleUrl>
				<Point>
					<gx:drawOrder>1</gx:drawOrder>
					<coordinates>72.8642874834777,19.224266460582,0</coordinates>
				</Point>
			</Placemark>
			<Placemark>
				<name>Magathane, मागाठाणे</name>
				<visibility>0</visibility>
				<LookAt>
					<longitude>72.86887495303606</longitude>
					<latitude>19.21760091868585</latitude>
					<altitude>0</altitude>
					<heading>3.061390786541436</heading>
					<tilt>30.00314560667507</tilt>
					<range>700.3374388285049</range>
					<gx:altitudeMode>relativeToSeaFloor</gx:altitudeMode>
				</LookAt>
				<styleUrl>#msn_download (4)00</styleUrl>
				<Point>
					<gx:drawOrder>1</gx:drawOrder>
					<coordinates>72.86677826900261,19.21716987227736,0</coordinates>
				</Point>
			</Placemark>
			<Placemark>
				<name>Poisar, पोईसर</name>
				<visibility>0</visibility>
				<LookAt>
					<longitude>72.86529266218255</longitude>
					<latitude>19.20409381291806</latitude>
					<altitude>0</altitude>
					<heading>3.060212296489829</heading>
					<tilt>30.00317819620439</tilt>
					<range>707.5922030655829</range>
					<gx:altitudeMode>relativeToSeaFloor</gx:altitudeMode>
				</LookAt>
				<styleUrl>#msn_download (4)00</styleUrl>
				<Point>
					<gx:drawOrder>1</gx:drawOrder>
					<coordinates>72.86343253811179,19.20387607093375,0</coordinates>
				</Point>
			</Placemark>
			<Placemark>
				<name>Akurli, आकुर्ली</name>
				<visibility>0</visibility>
				<LookAt>
					<longitude>72.8622259317598</longitude>
					<latitude>19.19866864502037</latitude>
					<altitude>0</altitude>
					<heading>3.059203545484512</heading>
					<tilt>30.00304640047716</tilt>
					<range>678.2521435352634</range>
					<gx:altitudeMode>relativeToSeaFloor</gx:altitudeMode>
				</LookAt>
				<styleUrl>#msn_download (4)00</styleUrl>
				<Point>
					<gx:drawOrder>1</gx:drawOrder>
					<coordinates>72.86065737988358,19.19822454871459,0</coordinates>
				</Point>
			</Placemark>
			<Placemark>
				<name>Kurar, कुरार</name>
				<visibility>0</visibility>
				<LookAt>
					<longitude>72.86016327375376</longitude>
					<latitude>19.18783485351353</latitude>
					<altitude>0</altitude>
					<heading>3.058525144152448</heading>
					<tilt>30.00312681401516</tilt>
					<range>696.1539937348329</range>
					<gx:altitudeMode>relativeToSeaFloor</gx:altitudeMode>
				</LookAt>
				<styleUrl>#msn_download (4)00</styleUrl>
				<Point>
					<gx:drawOrder>1</gx:drawOrder>
					<coordinates>72.85854577460405,19.187143480149,0</coordinates>
				</Point>
			</Placemark>
			<Placemark>
				<name>दिंडोशी, Dindoshi</name>
				<visibility>0</visibility>
				<LookAt>
					<longitude>72.85994331467623</longitude>
					<latitude>19.17984739990255</latitude>
					<altitude>0</altitude>
					<heading>3.058452766601291</heading>
					<tilt>30.00304289592258</tilt>
					<range>677.472035752171</range>
					<gx:altitudeMode>relativeToSeaFloor</gx:altitudeMode>
				</LookAt>
				<styleUrl>#msn_download (4)00</styleUrl>
				<Point>
					<gx:drawOrder>1</gx:drawOrder>
					<coordinates>72.8583084215705,19.17966110670971,0</coordinates>
				</Point>
			</Placemark>
			<Placemark>
				<name>आरे, Aarey</name>
				<visibility>0</visibility>
				<LookAt>
					<longitude>72.86085543919451</longitude>
					<latitude>19.16925510622729</latitude>
					<altitude>0</altitude>
					<heading>3.058752145708791</heading>
					<tilt>30.0031172669331</tilt>
					<range>694.0283444975846</range>
					<gx:altitudeMode>relativeToSeaFloor</gx:altitudeMode>
				</LookAt>
				<styleUrl>#msn_download (4)00</styleUrl>
				<Point>
					<gx:drawOrder>1</gx:drawOrder>
					<coordinates>72.85878815672585,19.16925982103567,0</coordinates>
				</Point>
			</Placemark>
			<Placemark>
				<name>गोरेगाव (पूर्व), Goregaon(East)</name>
				<visibility>0</visibility>
				<LookAt>
					<longitude>72.85825901151061</longitude>
					<latitude>19.15240785733154</latitude>
					<altitude>0</altitude>
					<heading>3.057899363192222</heading>
					<tilt>30.0031747221456</tilt>
					<range>706.8191085964201</range>
					<gx:altitudeMode>relativeToSeaFloor</gx:altitudeMode>
				</LookAt>
				<styleUrl>#msn_download (4)00</styleUrl>
				<Point>
					<gx:drawOrder>1</gx:drawOrder>
					<coordinates>72.85659397280989,19.15250506232931,0</coordinates>
				</Point>
			</Placemark>
			<Placemark>
				<name>जोगेश्वरी (पूर्व), Jogeshwari (East)</name>
				<visibility>0</visibility>
				<LookAt>
					<longitude>72.85665568607693</longitude>
					<latitude>19.14245925615343</latitude>
					<altitude>0</altitude>
					<heading>3.057373314633198</heading>
					<tilt>30.00311676002187</tilt>
					<range>693.9154543297759</range>
					<gx:altitudeMode>relativeToSeaFloor</gx:altitudeMode>
				</LookAt>
				<styleUrl>#msn_download (4)00</styleUrl>
				<Point>
					<gx:drawOrder>1</gx:drawOrder>
					<coordinates>72.85514588881632,19.14280644208631,0</coordinates>
				</Point>
			</Placemark>
			<Placemark>
				<name>Mogra, मोगरा</name>
				<visibility>0</visibility>
				<LookAt>
					<longitude>72.857263194542</longitude>
					<latitude>19.12770264380212</latitude>
					<altitude>0</altitude>
					<heading>3.057572038211446</heading>
					<tilt>30.00310532073932</tilt>
					<range>691.3689676559077</range>
					<gx:altitudeMode>relativeToSeaFloor</gx:altitudeMode>
				</LookAt>
				<styleUrl>#msn_download (4)00</styleUrl>
				<Point>
					<gx:drawOrder>1</gx:drawOrder>
					<coordinates>72.85540956357384,19.12870790528584,0</coordinates>
				</Point>
			</Placemark>
			<Placemark>
				<name>Gundavali, गुंदवली</name>
				<visibility>0</visibility>
				<LookAt>
					<longitude>72.85697044725653</longitude>
					<latitude>19.11468096842272</latitude>
					<altitude>0</altitude>
					<heading>3.057476182720963</heading>
					<tilt>30.00311866142706</tilt>
					<range>694.338917187879</range>
					<gx:altitudeMode>relativeToSeaFloor</gx:altitudeMode>
				</LookAt>
				<styleUrl>#msn_download (4)00</styleUrl>
				<Point>
					<gx:drawOrder>1</gx:drawOrder>
					<coordinates>72.85518238458401,19.11483166204312,0</coordinates>
				</Point>
			</Placemark>
			<Placemark>
				<name>Airport Colony, विमानतळ वसाहत</name>
				<visibility>0</visibility>
				<LookAt>
					<longitude>72.85554290827858</longitude>
					<latitude>19.10577442588058</latitude>
					<altitude>0</altitude>
					<heading>3.057008645720638</heading>
					<tilt>30.00315344957238</tilt>
					<range>702.08340262439</range>
					<gx:altitudeMode>relativeToSeaFloor</gx:altitudeMode>
				</LookAt>
				<styleUrl>#msn_download (4)00</styleUrl>
				<Point>
					<gx:drawOrder>1</gx:drawOrder>
					<coordinates>72.85408039977223,19.10588835945292,0</coordinates>
				</Point>
			</Placemark>
			<Placemark>
				<name>Chhatrapati Shivaji Maharaj International Airport - T2, छत्रपती शिवाजी महाराज आंतरराष्ट्रीय विमानतळ - टी२</name>
				<visibility>0</visibility>
				<LookAt>
					<longitude>72.87578289297028</longitude>
					<latitude>19.10248409860142</latitude>
					<altitude>0</altitude>
					<heading>3.063631761278001</heading>
					<tilt>30.00322043854806</tilt>
					<range>716.9963812274143</range>
					<gx:altitudeMode>relativeToSeaFloor</gx:altitudeMode>
				</LookAt>
				<styleUrl>#msn_download (4)00</styleUrl>
				<Point>
					<gx:drawOrder>1</gx:drawOrder>
					<coordinates>72.87441056647248,19.10219222658198,0</coordinates>
				</Point>
			</Placemark>
		</Folder>
		<Folder>
			<name>Metro Line 8 (Gold) pro.</name>
			<open>1</open>
			<Placemark>
				<name>Metro Line 8 (Gold) pro.</name>
				<styleUrl>#msn_ylw-pushpin500</styleUrl>
				<LineString>
					<tessellate>1</tessellate>
					<coordinates>
						72.87440447506866,19.1021917949945,0 72.87838131071926,19.10214541102994,0 72.88131140944702,19.10184383381535,0 72.88350196942548,19.10148723729815,0 72.88539122197712,19.10017074905653,0 72.88770241091714,19.09888667839768,0 72.88880315978339,19.09402509955557,0 72.88919463359353,19.09096792240861,0 72.88870499999989,19.08832231036937,0 72.88855873575505,19.08655348187396,0 72.88901824761841,19.07981471340447,0 72.88935485298047,19.07468792318581,0 72.89083806989527,19.07259457904575,0 72.89451876354347,19.06581191878176,0 72.89621506776049,19.06472823571901,0 72.89789366808949,19.06470306112493,0 72.90065091766996,19.06662232782679,0 72.90282996294157,19.0677963265033,0 72.90535399857053,19.0692582530063,0 72.90671255871985,19.07042323855706,0 72.90745655675843,19.07052282699044,0 72.90829937938007,19.0703041687616,0 72.90867374458475,19.07017259250776,0 72.90956594885536,19.0692338696293,0 72.90980604317669,19.0679351791901,0 72.90985345263337,19.06771375283345,0 72.91013574733948,19.06617406609045,0 72.91013591682193,19.06613024323822,0 72.91045938834985,19.06488648493766,0 72.91552619737176,19.06287649196658,0 72.92891163554097,19.05685460905097,0 72.930552579251,19.05645294984038,0 72.93198578288403,19.05630610986341,0 72.93212187002382,19.05626607151429,0 72.93368039430037,19.05557217648476,0 72.93473057076493,19.05413881696575,0 72.93572931524626,19.0524890508443,0 72.93694399072861,19.05146720000733,0 72.93959432124306,19.05257799545832,0 72.94204943217053,19.05344991284698,0 72.95728303341286,19.05930776242983,0 72.97410232538863,19.0633572864474,0 72.97955938211102,19.06482358446036,0 72.9817166416624,19.06598389099062,0 72.98356240836583,19.06756272851404,0 72.98586973614337,19.06943731706718,0 72.98851153766303,19.06956581275635,0 72.99154242214811,19.06923614270149,0 73.00178120961067,19.06821906932747,0 73.01770466733667,19.06712363679279,0 73.01860091527772,19.06699167625861,0 73.01886728705237,19.06554518294121,0 73.019460024572,19.05293136482074,0 73.02426196562537,19.04732324719978,0 73.0249865564333,19.04597054571765,0 73.0224838369886,19.04355244357911,0 73.02244754300094,19.04201326964696,0 73.02032162466359,19.03962253050805,0 73.01997808885093,19.03912240739152,0 73.01968408990699,19.0339023065585,0 73.01924036083618,19.03236160979309,0 73.0185800217242,19.03145777247671,0 73.01815946476577,19.02969511594992,0 73.01926198030934,19.0287813713527,0 73.01954193952731,19.02741668878641,0 73.02092418999617,19.02485737385117,0 73.02231290982658,19.02451254217194,0 73.02545954531661,19.02335221182188,0 73.02788971385047,19.02145262602167,0 73.02826206924175,19.01954731296965,0 73.02869945034217,19.01559536783656,0 73.02619943486874,19.0122694535877,0 73.02508049852375,19.00880588478453,0 73.02629140736654,19.00383571030492,0 73.03268381654195,19.00025772125507,0 73.03554080484963,18.99798736387664,0 73.03678747770397,18.99567074153249,0 73.03704839413355,18.9942495953382,0 73.03719468372003,18.99295886800345,0 73.03624159948441,18.99149171807374,0 73.03462287911029,18.9897798169959,0 73.03838665347902,18.98984734509206,0 73.04020642865619,18.98987368315888,0 73.04350461881354,18.99112154481652,0 73.04622924474984,18.99167761639575,0 73.05149480574349,18.99243228089598,0 73.05427455159341,18.99235830772111,0 73.05603296634698,18.99245073760295,0 73.0617808031199,18.99285621550972,0 
					</coordinates>
				</LineString>
			</Placemark>
			<Placemark>
				<name>Chhatrapati Shivaji Maharaj International Airport - T2, छत्रपती शिवाजी महाराज आंतरराष्ट्रीय विमानतळ - टी२</name>
				<visibility>0</visibility>
				<LookAt>
					<longitude>72.87569150982281</longitude>
					<latitude>19.10251532224712</latitude>
					<altitude>0</altitude>
					<heading>3.100625339602963</heading>
					<tilt>27.20252081573545</tilt>
					<range>754.8948418364744</range>
					<gx:altitudeMode>relativeToSeaFloor</gx:altitudeMode>
				</LookAt>
				<styleUrl>#msn_mmm000</styleUrl>
				<Point>
					<gx:drawOrder>1</gx:drawOrder>
					<coordinates>72.87447378881977,19.10215723217172,0</coordinates>
				</Point>
			</Placemark>
		</Folder>
		<Folder>
			<name>Metro Line 9 (Red)</name>
			<Placemark>
				<name>Metro Line 9 (Red)</name>
				<styleUrl>#msn_ylw-pushpin12</styleUrl>
				<LineString>
					<tessellate>1</tessellate>
					<coordinates>
						72.86760780564305,19.25151807140775,0 72.86787978736653,19.25180202072029,0 72.8692658316956,19.25367754821556,0 72.87056597930743,19.2556001290637,0 72.87107201212936,19.25631895098186,0 72.87157435626843,19.25754032422557,0 72.87259153014669,19.25990610487525,0 72.87356248559077,19.26224064451674,0 72.87400595035587,19.26335923777286,0 72.87437446131349,19.26395965412304,0 72.87671029461848,19.26691098114161,0 72.87728888970869,19.26776612693225,0 72.87786608034874,19.26857468328446,0 72.87848897112003,19.2693561142054,0 72.87887106842537,19.26976369825757,0 72.88080673500049,19.27109162379162,0 72.88215478906906,19.27203867045468,0 72.88241179358567,19.27227918845191,0 72.8826056542804,19.27272326965033,0 72.88264552911896,19.27315046404304,0 72.88216722894802,19.2743040000274,0 72.88202951019629,19.27510168030839,0 72.88195364330534,19.27593673343923,0 72.88187982566006,19.2763395398948,0 72.88140826313349,19.27688796014058,0 72.88028471493544,19.27776160776373,0 72.87104607178534,19.28452785236484,0 72.8660784823505,19.28804286416105,0 72.86543268829409,19.28866719528265,0 72.86297598062781,19.2910866472937,0 72.85998652592797,19.29410558685823,0 72.85886852631,19.29526202226773,0 72.85828968087306,19.29543338311499,0 72.85790933353955,19.29556160776724,0 72.85712773612258,19.29543498776122,0 72.85285170282623,19.29509874259499,0 72.8522457369189,19.29502339103388,0 72.85156753314038,19.29506046785656,0 72.85071052070143,19.29499938970269,0 72.84934510740892,19.29490743131024,0 72.843277847476,19.29429878365858,0 72.84241795821414,19.2942420855793,0 72.84193463294382,19.29437837915695,0 72.84185552588534,19.29504903382123,0 72.84098510307057,19.29890530521537,0 72.84061534020441,19.29897780489601,0 72.83886918137223,19.29913833447514,0 72.83646006411109,19.29919730981218,0 72.83307633906959,19.29925182681858,0 72.83222750385666,19.29959751714585,0 72.83102684973787,19.29955198302075,0 72.83022160064702,19.29953918822066,0 72.82877325018401,19.29921874236875,0 72.82821305975713,19.29891593532895,0 72.82740740359249,19.29861824102451,0 72.82406769664216,19.29819285038265,0 72.82055090370285,19.29679871092942,0 72.81948740550231,19.29628318906499,0 72.8181771931206,19.2951131433706,0 72.81666189018071,19.29372272461008,0 72.81553278444211,19.29272129071812,0 72.81447689511464,19.29179996510375,0 72.81389717547781,19.29149910055611,0 72.81334935911499,19.29117690035724,0 72.81176534725104,19.29103189492507,0 72.81107333116658,19.29112134437232,0 72.81062974123374,19.29118511235365,0 72.80995068550232,19.29112346054595,0 72.80699236472796,19.29007605829112,0 
					</coordinates>
				</LineString>
			</Placemark>
			<Placemark>
				<name>Subhash Chandra Bose Stadium, सुभाषचंद्र बोस स्टेडियम</name>
				<visibility>0</visibility>
				<open>1</open>
				<LookAt>
					<longitude>72.84440813149466</longitude>
					<latitude>19.29450191652414</latitude>
					<altitude>0</altitude>
					<heading>3.05330532088283</heading>
					<tilt>30.00214884432301</tilt>
					<range>478.3992864787175</range>
					<gx:altitudeMode>relativeToSeaFloor</gx:altitudeMode>
				</LookAt>
				<styleUrl>#msn_download (4)00</styleUrl>
				<Point>
					<gx:drawOrder>1</gx:drawOrder>
					<coordinates>72.84349424031727,19.29433675869909,0</coordinates>
				</Point>
			</Placemark>
			<Placemark>
				<name>Shahid Bhagat Singh Garden, शहीद भगतसिंग गार्डन</name>
				<visibility>0</visibility>
				<open>1</open>
				<LookAt>
					<longitude>72.84978770624997</longitude>
					<latitude>19.29507629869979</latitude>
					<altitude>0</altitude>
					<heading>3.055082775108771</heading>
					<tilt>30.00323678422629</tilt>
					<range>720.6352942867758</range>
					<gx:altitudeMode>relativeToSeaFloor</gx:altitudeMode>
				</LookAt>
				<styleUrl>#msn_download (4)00</styleUrl>
				<Point>
					<gx:drawOrder>1</gx:drawOrder>
					<coordinates>72.84940631742489,19.29493042904111,0</coordinates>
				</Point>
			</Placemark>
			<Placemark>
				<name>Deepak Hospital (Medtiya Nagar), दीपक हॉस्पिटल (मेडतिया नगर)</name>
				<visibility>0</visibility>
				<open>1</open>
				<LookAt>
					<longitude>72.86140808323415</longitude>
					<latitude>19.2949748943826</latitude>
					<altitude>0</altitude>
					<heading>3.058922499858066</heading>
					<tilt>30.00318605879723</tilt>
					<range>709.3427961192092</range>
					<gx:altitudeMode>relativeToSeaFloor</gx:altitudeMode>
				</LookAt>
				<styleUrl>#msn_download (4)00</styleUrl>
				<Point>
					<gx:drawOrder>1</gx:drawOrder>
					<coordinates>72.86008687782892,19.29395472365761,0</coordinates>
				</Point>
			</Placemark>
			<Placemark>
				<name>Sai Baba Nagar, साई बाबा नगर</name>
				<visibility>0</visibility>
				<open>1</open>
				<LookAt>
					<longitude>72.87224411571519</longitude>
					<latitude>19.28511663597708</latitude>
					<altitude>0</altitude>
					<heading>3.062501801489638</heading>
					<tilt>30.00323366767328</tilt>
					<range>719.9414549415927</range>
					<gx:altitudeMode>relativeToSeaFloor</gx:altitudeMode>
				</LookAt>
				<styleUrl>#msn_download (4)00</styleUrl>
				<Point>
					<gx:drawOrder>1</gx:drawOrder>
					<coordinates>72.87101662753071,19.28447848971463,0</coordinates>
				</Point>
			</Placemark>
			<Placemark>
				<name>Kashigaon, काशिगाव</name>
				<visibility>0</visibility>
				<open>1</open>
				<LookAt>
					<longitude>72.88193677972706</longitude>
					<latitude>19.27820415123358</latitude>
					<altitude>0</altitude>
					<heading>3.06570220374951</heading>
					<tilt>30.00323707898415</tilt>
					<range>720.7007527341457</range>
					<gx:altitudeMode>relativeToSeaFloor</gx:altitudeMode>
				</LookAt>
				<styleUrl>#msn_download (4)00</styleUrl>
				<Point>
					<gx:drawOrder>1</gx:drawOrder>
					<coordinates>72.88026560932819,19.27772302062882,0</coordinates>
				</Point>
			</Placemark>
			<Placemark>
				<name>Miragaon, मिरागाव</name>
				<visibility>0</visibility>
				<open>1</open>
				<LookAt>
					<longitude>72.88112048451761</longitude>
					<latitude>19.27033934311294</latitude>
					<altitude>0</altitude>
					<heading>3.065432766891229</heading>
					<tilt>30.00321623937949</tilt>
					<range>716.0616816483006</range>
					<gx:altitudeMode>relativeToSeaFloor</gx:altitudeMode>
				</LookAt>
				<styleUrl>#msn_download (4)00</styleUrl>
				<Point>
					<gx:drawOrder>1</gx:drawOrder>
					<coordinates>72.88070121318611,19.27102115816425,0</coordinates>
				</Point>
			</Placemark>
			<Placemark>
				<name>Pandurang Wadi, पांडुरंग वाडी</name>
				<visibility>0</visibility>
				<open>1</open>
				<LookAt>
					<longitude>72.874225258281</longitude>
					<latitude>19.26008573714229</latitude>
					<altitude>0</altitude>
					<heading>3.063157430010858</heading>
					<tilt>30.00318825044662</tilt>
					<range>709.8305182075908</range>
					<gx:altitudeMode>relativeToSeaFloor</gx:altitudeMode>
				</LookAt>
				<styleUrl>#msn_download (4)00</styleUrl>
				<Point>
					<gx:drawOrder>1</gx:drawOrder>
					<coordinates>72.8725892945066,19.2597987019458,0</coordinates>
				</Point>
			</Placemark>
			<Placemark>
				<name>दहिसर (पूर्व), Dahisar (East)</name>
				<visibility>0</visibility>
				<open>1</open>
				<LookAt>
					<longitude>72.86882210460185</longitude>
					<latitude>19.2515519802175</latitude>
					<altitude>0</altitude>
					<heading>3.061375520085776</heading>
					<tilt>30.00319902752375</tilt>
					<range>712.2299812610838</range>
					<gx:altitudeMode>relativeToSeaFloor</gx:altitudeMode>
				</LookAt>
				<styleUrl>#msn_download (4)00</styleUrl>
				<Point>
					<gx:drawOrder>1</gx:drawOrder>
					<coordinates>72.86737519916609,19.25109031553767,0</coordinates>
				</Point>
			</Placemark>
		</Folder>
		<Folder>
			<name>Metro Line 10 (Green) appr.</name>
			<Placemark>
				<name>Metro Line 10 (Green)</name>
				<styleUrl>#msn_ylw-pushpin101</styleUrl>
				<LineString>
					<tessellate>1</tessellate>
					<coordinates>
						72.94725002919952,19.28456107035452,0 72.94399224236538,19.28486769756849,0 72.94210021709964,19.28501681827077,0 72.94137462525406,19.28519297095243,0 72.9405984785927,19.28560984013962,0 72.93914142529002,19.28674867110934,0 72.93889250084568,19.28685741948721,0 72.93848701091274,19.28687223686932,0 72.93802887668454,19.28669310599837,0 72.93770210279706,19.28660239338982,0 72.9374974407407,19.28619081784466,0 72.93734627814095,19.28583386060594,0 72.93689575758053,19.28540565283975,0 72.93614027510316,19.28514394214871,0 72.93592824815916,19.28509300347861,0 72.93568955252259,19.2850803472377,0 72.93524342697673,19.28532758407174,0 72.93487737314706,19.28551785786009,0 72.93465516212051,19.28562657114776,0 72.93415563331126,19.28556462703726,0 72.9331258975365,19.28543586284542,0 72.93177058099786,19.28505344303915,0 72.93151251835741,19.28479231612088,0 72.9315367407721,19.2845957981312,0 72.93161908859983,19.2839033738098,0 72.93132485621545,19.28249503698701,0 72.93120043123993,19.28071235315223,0 72.93096781864158,19.28033902199828,0 72.93038711068051,19.28008812046961,0 72.92943052190013,19.28049701549921,0 72.92840734842616,19.28112633168776,0 72.92788753602957,19.28116540708263,0 72.92682466806343,19.28076498760036,0 72.92474376375537,19.28024672585427,0 72.92373352434018,19.27957387926427,0 72.9225846768082,19.27887090270274,0 72.92230516251658,19.27847305085687,0 72.922050415748,19.27846164156161,0 72.92087993304196,19.27879188816941,0 72.92022648422584,19.27909309452794,0 72.91958517642259,19.27908796627877,0 72.91910157965337,19.27884356689017,0 72.91858780401185,19.27831622900468,0 72.91788837790348,19.27749062059723,0 72.9169412105923,19.27641120462162,0 72.91550277904071,19.27477118035701,0 72.91486161936479,19.27411727938592,0 72.91452215475709,19.27372067462243,0 72.9141650394308,19.27361347557002,0 72.9138982039174,19.27365744508718,0 72.91355695680788,19.27386144039061,0 72.91321948245709,19.27423783020802,0 72.91190450628424,19.27664469105687,0 72.91173218191524,19.27701611334108,0 72.91171472540542,19.27760530214132,0 72.91155750456605,19.27795988733092,0 72.91030499727182,19.27994427376948,0 72.90931913781486,19.28070379095671,0 72.90733201534331,19.28234255547814,0 72.90574142491788,19.28379870714582,0 72.90474851370551,19.2849138473241,0 72.90426444543176,19.28512980025386,0 72.90392136365993,19.28506703001211,0 72.90372894040412,19.28490400670758,0 72.90319280549006,19.28463252335223,0 72.90201886578275,19.28447832983472,0 72.90125771106895,19.28482161428231,0 72.89967331061683,19.28525595715226,0 72.89812891289453,19.285777987617,0 72.89630316597328,19.2858644915556,0 72.89540400524011,19.28610000776465,0 72.89422251218917,19.28672109859527,0 72.89356222577834,19.28679372296596,0 72.89290265082485,19.28686020749288,0 72.89243510468945,19.28668834109662,0 72.89219531821806,19.28630850146899,0 72.89222150188066,19.28492099039934,0 72.89207934318178,19.28348046352906,0 72.89144236148159,19.28056230944896,0 72.89079319451433,19.27828199660197,0 72.88965554603736,19.27686794274705,0 72.88711748881536,19.27503080004162,0 72.88414919854222,19.27316539625933,0 72.88078339882472,19.27104597871309,0 
					</coordinates>
				</LineString>
			</Placemark>
			<Placemark>
				<name>Shivaji Chowk (Mira Road), शिवाजी चौक (मिरा रोड)</name>
				<visibility>0</visibility>
				<LookAt>
					<longitude>72.88143895988652</longitude>
					<latitude>19.27152859523011</latitude>
					<altitude>0</altitude>
					<heading>9.269952034407623</heading>
					<tilt>30.0025925705659</tilt>
					<range>577.2100435222601</range>
					<gx:altitudeMode>relativeToSeaFloor</gx:altitudeMode>
				</LookAt>
				<styleUrl>#m_ylw-pushpin40</styleUrl>
				<Point>
					<gx:drawOrder>1</gx:drawOrder>
					<coordinates>72.88076789473041,19.27105999936633,0</coordinates>
				</Point>
			</Placemark>
			<Placemark>
				<name>Kashimira, काशिमिरा</name>
				<visibility>0</visibility>
				<LookAt>
					<longitude>72.8917128703924</longitude>
					<latitude>19.27788084879734</latitude>
					<altitude>0</altitude>
					<heading>98.1257439728199</heading>
					<tilt>19.97999920612546</tilt>
					<range>964.9392078148189</range>
					<gx:altitudeMode>relativeToSeaFloor</gx:altitudeMode>
				</LookAt>
				<styleUrl>#m_ylw-pushpin40</styleUrl>
				<Point>
					<gx:drawOrder>1</gx:drawOrder>
					<coordinates>72.89091285265043,19.27884928825076,0</coordinates>
				</Point>
			</Placemark>
			<Placemark>
				<name>Gaimukh, गायमुख</name>
				<visibility>0</visibility>
				<open>1</open>
				<LookAt>
					<longitude>72.94768427491589</longitude>
					<latitude>19.28419947371288</latitude>
					<altitude>0</altitude>
					<heading>8.472809754089619</heading>
					<tilt>27.43202837457175</tilt>
					<range>1778.948904987837</range>
					<gx:altitudeMode>relativeToSeaFloor</gx:altitudeMode>
				</LookAt>
				<styleUrl>#msn_download (4)1</styleUrl>
				<Point>
					<gx:drawOrder>1</gx:drawOrder>
					<coordinates>72.94752093192029,19.28449521854706,0</coordinates>
				</Point>
			</Placemark>
		</Folder>
		<Folder>
			<name>Metro Line 11 (Green) pro.</name>
			<Placemark>
				<name>Metro Line 11 (Green)</name>
				<styleUrl>#msn_ylw-pushpin400</styleUrl>
				<LineString>
					<tessellate>1</tessellate>
					<coordinates>
						72.87852567116863,19.04638897029724,0 72.87915258647959,19.0444059976168,0 72.87927451111676,19.04296583916574,0 72.87815548418045,19.04240828444311,0 72.87428883024532,19.04110096193373,0 72.87403712651923,19.0408721935903,0 72.873896019735,19.04034018352124,0 72.87402671041239,19.03861855791164,0 72.87404731350854,19.03695023523683,0 72.87404602675372,19.03656140600293,0 72.87391692815791,19.03466898030125,0 72.87356579077905,19.03251277287822,0 72.87328109160551,19.03203468863125,0 72.87125012086732,19.02904616736084,0 72.86974719596,19.02515861934874,0 72.86867485768757,19.0212093807105,0 72.86718403105924,19.01803528047016,0 72.86540838462591,19.01645830376219,0 72.86421163484142,19.01542704405896,0 72.86338119793608,19.01501968082113,0 72.8632144486477,19.01493099148832,0 72.86314579900849,19.01464198241435,0 72.86311523649201,19.01458262218278,0 72.86165375570668,19.00957045358356,0 72.8612719928018,19.00895794409074,0 72.85664403931693,19.00659870711353,0 72.85577685659923,19.00572060788431,0 72.85559417179881,19.00473033308149,0 72.85579610673315,19.00208566882512,0 72.85488806072378,18.99886819339196,0 72.85421581046134,18.99722622774476,0 72.85375525521167,18.99585542395478,0 72.85390907569554,18.99418627368658,0 72.85439486186955,18.99289086676087,0 72.85240153742789,18.98768738636075,0 72.85006031160472,18.98333961162453,0 72.84833889298784,18.97984398210975,0 72.84771867348672,18.97740142476324,0 72.84680504491283,18.9765218036988,0 72.84560146524612,18.97584186719349,0 72.84401224028045,18.97587201546989,0 72.83735973361946,18.97552617894261,0 72.83367281368402,18.97535248333058,0 72.83196544664939,18.97522798359773,0 72.83066353061815,18.97444381103907,0 72.83032481146056,18.97258856114702,0 72.830488483629,18.97072649924652,0 72.8300019428218,18.96982676816154,0 72.82928401168213,18.96857025102794,0 72.82896416123188,18.96761454384916,0 72.82875887180677,18.96704863649781,0 72.82863187933668,18.96373832917337,0 72.82873779845875,18.96198747214148,0 72.82894567107107,18.960873063354,0 72.82961077022553,18.95967135416313,0 72.83128922645548,18.95845997338182,0 72.83157060306306,18.9575842728713,0 72.83216444019958,18.95652037788864,0 72.83217122011453,18.95647080146896,0 72.83269388531282,18.95418943003035,0 72.83338846137687,18.95214200590472,0 72.83377297552627,18.94744252116939,0 72.83407318975719,18.94641170212207,0 72.8345920070708,18.94282030041639,0 72.83492566300873,18.94049402803767,0 72.83511058487002,18.93930416994654,0 72.83549210055908,18.93740878398918,0 72.83551568223801,18.93457479309846,0 72.83541248662146,18.93307837639309,0 72.83499165873452,18.9320417720762,0 72.83445926690668,18.93059813597814,0 72.83348036955778,18.9293631124116,0 72.83306234568006,18.92576548800692,0 72.83199590468809,18.9248101718337,0 72.82863556380465,18.92261376055868,0 
					</coordinates>
				</LineString>
			</Placemark>
			<Placemark>
				<name>Anik Nagar Bus Depot, आणिक नगर बस आगार</name>
				<visibility>0</visibility>
				<open>1</open>
				<LookAt>
					<longitude>72.87911831396417</longitude>
					<latitude>19.04630366999205</latitude>
					<altitude>0</altitude>
					<heading>13.59132843334358</heading>
					<tilt>27.25298113708673</tilt>
					<range>377.5882738231851</range>
					<gx:altitudeMode>relativeToSeaFloor</gx:altitudeMode>
				</LookAt>
				<styleUrl>#m_ylw-pushpin010</styleUrl>
				<Point>
					<gx:drawOrder>1</gx:drawOrder>
					<coordinates>72.87859054446277,19.04618423629103,0</coordinates>
				</Point>
			</Placemark>
		</Folder>
		<Folder>
			<name>Metro Line 12 (Orange)</name>
			<Placemark>
				<name>Metro Line 12 (Orange)</name>
				<styleUrl>#msn_ylw-pushpin00</styleUrl>
				<LineString>
					<tessellate>1</tessellate>
					<coordinates>
						73.12796415712869,19.23912058112507,0 73.12583228388047,19.23768247848534,0 73.12552959408502,19.23738699070852,0 73.12488443083095,19.23662226049795,0 73.12433673927154,19.23605355821043,0 73.12290487922891,19.23525651913579,0 73.12218510985801,19.23501755254735,0 73.12162821566028,19.23471264080696,0 73.12062639129871,19.23387793204234,0 73.12006897259434,19.23347409491604,0 73.11970602636157,19.23311653837964,0 73.11952394725664,19.23259438599683,0 73.11953528666633,19.23206862290264,0 73.11966568496634,19.23159430327457,0 73.11979101152473,19.23141341648895,0 73.12025414895369,19.23126368231413,0 73.12065276384716,19.2310233815274,0 73.12101892836692,19.23061450773867,0 73.12193966319849,19.22962469143943,0 73.12243590446592,19.22905243366888,0 73.12342197763037,19.22791050123509,0 73.12370781174029,19.22745215964543,0 73.12379635927623,19.22711810349967,0 73.12383107908094,19.22690647641483,0 73.12351705377628,19.22542960019866,0 73.12318682428295,19.22451701627817,0 73.12291657863823,19.22407264254783,0 73.12246830078165,19.22371644817099,0 73.12202556110269,19.22332049592348,0 73.12173664164517,19.22298068354754,0 73.12159392235775,19.22269663210475,0 73.12155461515725,19.22235437835754,0 73.12138800562144,19.2210607725969,0 73.12134815709716,19.22093381302244,0 73.12084521570465,19.22040924940774,0 73.11996022791244,19.21912363750156,0 73.11830424530743,19.21724402971883,0 73.1174298468755,19.21611832648776,0 73.11643875222023,19.21484923156489,0 73.1154486371917,19.21354276495577,0 73.11445029257951,19.21243693292608,0 73.11334761596103,19.21133061626229,0 73.11241293255412,19.21039442644119,0 73.11133678777713,19.20929676240996,0 73.11053073326494,19.208549338562,0 73.10930310294724,19.20732104201516,0 73.10811034947629,19.20613432281655,0 73.10618465613074,19.20413639384167,0 73.10456224044731,19.20249638158808,0 73.10319550784263,19.20114606295151,0 73.10159103346712,19.19949824904191,0 73.1003897099928,19.19818534861568,0 73.0996757991166,19.19750045011483,0 73.09947838128953,19.1972305896773,0 73.09831741047037,19.19561142358916,0 73.09708220157404,19.19396832260484,0 73.09598440140527,19.19242902658393,0 73.09495374998458,19.19098682698552,0 73.09361820741903,19.18926470830347,0 73.09273188919508,19.18802659231899,0 73.092439941799,19.18769428860274,0 73.09210579719991,19.18717532099509,0 73.09127103225781,19.18591018865379,0 73.09050567621179,19.18450668667287,0 73.08987478066464,19.18293084203941,0 73.08935952218751,19.18172988093619,0 73.0893830686817,19.18161301589643,0 73.08999824685682,19.1812975365538,0 73.09067532613498,19.18096287366683,0 73.09286402017098,19.17977086224781,0 73.09294741021138,19.17974157799048,0 73.09300799697741,19.17969022896801,0 73.09302145674449,19.17951464656923,0 73.09299561269864,19.17932630681258,0 73.09424152667745,19.17280188376471,0 73.09445718464542,19.17136635079178,0 73.09438726054611,19.17090559639156,0 73.09439273200492,19.17067230413345,0 73.09444740226203,19.17030329866315,0 73.09440883632764,19.16869215852218,0 73.09430053125953,19.16805334512458,0 73.09424303724737,19.16737569768524,0 73.09415792052982,19.16680512194615,0 73.09415077998034,19.16679734584591,0 73.09388905060946,19.16633637020876,0 73.09387518218956,19.16632196559863,0 73.09316042034726,19.16548230756301,0 73.09173823466048,19.16349964122093,0 73.09139729870361,19.16310652992701,0 73.09093746122382,19.16293629444272,0 73.09019062292641,19.16286666455311,0 73.08965121251374,19.1627371753731,0 73.0878780867733,19.1623028880237,0 73.08727487305092,19.16211006491901,0 73.08677487881778,19.1617889731174,0 73.08490561101743,19.16068628389122,0 73.08471578575219,19.16042451387542,0 73.08355137365938,19.15890084844266,0 73.08222109373574,19.15794064468534,0 73.08219852444797,19.15780548471112,0 73.08192820103163,19.15719487899019,0 73.08160613281368,19.15628199874821,0 73.08123902925354,19.15563358422615,0 73.08127159078911,19.1545574572804,0 73.08153977122508,19.15360388431138,0 73.08218343227028,19.1515823683893,0 73.08348558318137,19.14775197831591,0 73.08396929840316,19.14643884700834,0 73.08447910258636,19.14624071257248,0 73.08769510485243,19.14590131455327,0 73.09019471622513,19.14497957306238,0 73.09108394946368,19.14366773706245,0 73.09161098112421,19.14295128266246,0 73.09221839465515,19.14213762204364,0 73.09248520309586,19.14188737116172,0 73.09243126374479,19.14126140748361,0 73.09313301770652,19.13717918944939,0 73.0939417847049,19.13366758171025,0 73.09413013648067,19.13100228995064,0 73.09456843195564,19.12850379888647,0 73.09475774137447,19.12731148841179,0 73.09519914717747,19.12538506375167,0 73.09592910113393,19.12297935078481,0 73.09672620224281,19.12068675220477,0 73.09684004060917,19.11967666558726,0 73.09751291856979,19.11734222646612,0 73.09759617219973,19.11608781793291,0 73.09755630225534,19.1158284394988,0 73.09758459396934,19.11042342359386,0 73.09740111422929,19.10985493378539,0 73.09577838228051,19.10717371957151,0 73.0956912350032,19.10703374837741,0 73.09497351827139,19.10501221019129,0 73.09422071110116,19.10324879310396,0 73.09133092235027,19.10010225252782,0 73.0902663634553,19.09783648015893,0 73.08885080731953,19.0963215637981,0 73.08742610223857,19.09479786299189,0 73.08635265750172,19.0920587972417,0 73.0860510492066,19.09098662817424,0 73.0858760668487,19.09024428962165,0 73.08590218833962,19.08949258719755,0 73.08624142451541,19.08657371207367,0 73.08728019017707,19.08342092002123,0 73.0882377796944,19.08055889669086,0 73.08917503528204,19.07786363393665,0 73.08884503848368,19.0771245957342,0 73.08828684059482,19.07644583152359,0 73.0875910564632,19.07621486639754,0 73.08688772534421,19.07574958915617,0 73.08634394430136,19.07533597479329,0 73.08584962069413,19.07494463533426,0 73.08538847497559,19.07462314897611,0 73.08457820905019,19.07400287104268,0 73.08416260521682,19.0737661054246,0 73.08391031201681,19.07363288304379,0 73.08359598330462,19.07355137740343,0 73.08324213348887,19.07362019864358,0 73.08265583273983,19.0736996307525,0 73.08184851264822,19.07380398587116,0 
					</coordinates>
				</LineString>
			</Placemark>
			<Placemark>
				<name>Ganesh Nagar (Kalyan), गणेश नगर (कल्याण)</name>
				<visibility>0</visibility>
				<LookAt>
					<longitude>73.1240306945928</longitude>
					<latitude>19.22933726374055</latitude>
					<altitude>0</altitude>
					<heading>-0.407183028858861</heading>
					<tilt>30.00339649127168</tilt>
					<range>756.2016763959441</range>
					<gx:altitudeMode>relativeToSeaFloor</gx:altitudeMode>
				</LookAt>
				<styleUrl>#msn_mmm1</styleUrl>
				<Point>
					<gx:drawOrder>1</gx:drawOrder>
					<coordinates>73.12265191386014,19.22886189948652,0</coordinates>
				</Point>
			</Placemark>
			<Placemark>
				<name>पिसवली गाव, Pisavali Gaon</name>
				<visibility>0</visibility>
				<LookAt>
					<longitude>73.119743786496</longitude>
					<latitude>19.2180729820036</latitude>
					<altitude>0</altitude>
					<heading>-0.4085942478730139</heading>
					<tilt>30.00330140291064</tilt>
					<range>735.0335153754494</range>
					<gx:altitudeMode>relativeToSeaFloor</gx:altitudeMode>
				</LookAt>
				<styleUrl>#msn_mmm1</styleUrl>
				<Point>
					<gx:drawOrder>1</gx:drawOrder>
					<coordinates>73.11905869525421,19.21806884262222,0</coordinates>
				</Point>
			</Placemark>
			<Placemark>
				<name>गोळवली, Golavali</name>
				<visibility>0</visibility>
				<LookAt>
					<longitude>73.11147086793477</longitude>
					<latitude>19.20864445845147</latitude>
					<altitude>0</altitude>
					<heading>1.583602134650884</heading>
					<tilt>7.635561571903317</tilt>
					<range>703.980619296951</range>
					<gx:altitudeMode>relativeToSeaFloor</gx:altitudeMode>
				</LookAt>
				<styleUrl>#msn_mmm1</styleUrl>
				<Point>
					<gx:drawOrder>1</gx:drawOrder>
					<coordinates>73.11133193884831,19.20932589116082,0</coordinates>
				</Point>
			</Placemark>
			<Placemark>
				<name>Dombivali MIDC, डोंबिवली एमआयडीसी</name>
				<visibility>0</visibility>
				<LookAt>
					<longitude>73.10662627656136</longitude>
					<latitude>19.20132736774483</latitude>
					<altitude>0</altitude>
					<heading>1.582008933898973</heading>
					<tilt>7.635932061457726</tilt>
					<range>1014.362896018032</range>
					<gx:altitudeMode>relativeToSeaFloor</gx:altitudeMode>
				</LookAt>
				<styleUrl>#msn_mmm1</styleUrl>
				<Point>
					<gx:drawOrder>1</gx:drawOrder>
					<coordinates>73.10368547324806,19.20165383204235,0</coordinates>
				</Point>
			</Placemark>
			<Placemark>
				<name>सागाव, Sagaon</name>
				<visibility>0</visibility>
				<LookAt>
					<longitude>73.09977489100993</longitude>
					<latitude>19.19629993041603</latitude>
					<altitude>0</altitude>
					<heading>1.394237476788158</heading>
					<tilt>18.14216795116996</tilt>
					<range>580.9555730862877</range>
					<gx:altitudeMode>relativeToSeaFloor</gx:altitudeMode>
				</LookAt>
				<styleUrl>#msn_mmm1</styleUrl>
				<Point>
					<gx:drawOrder>1</gx:drawOrder>
					<coordinates>73.09866166680868,19.19613926303781,0</coordinates>
				</Point>
			</Placemark>
			<Placemark>
				<name>सोनारपाडा, Sonarpada</name>
				<visibility>0</visibility>
				<LookAt>
					<longitude>73.0918576859552</longitude>
					<latitude>19.1862085760411</latitude>
					<altitude>0</altitude>
					<heading>1.343382967084239</heading>
					<tilt>27.73429469099942</tilt>
					<range>707.3929656406417</range>
					<gx:altitudeMode>relativeToSeaFloor</gx:altitudeMode>
				</LookAt>
				<styleUrl>#msn_mmm1</styleUrl>
				<Point>
					<gx:drawOrder>1</gx:drawOrder>
					<coordinates>73.09133240704642,19.18602262420152,0</coordinates>
				</Point>
			</Placemark>
			<Placemark>
				<name>Manpada (Dombivali East), मानपाडा (डोंबिवली पूर्व)</name>
				<visibility>0</visibility>
				<LookAt>
					<longitude>73.09342628169044</longitude>
					<latitude>19.18003359799147</latitude>
					<altitude>0</altitude>
					<heading>1.343898378783333</heading>
					<tilt>27.73435320966732</tilt>
					<range>721.3910337997215</range>
					<gx:altitudeMode>relativeToSeaFloor</gx:altitudeMode>
				</LookAt>
				<styleUrl>#msn_mmm1</styleUrl>
				<Point>
					<gx:drawOrder>1</gx:drawOrder>
					<coordinates>73.09168310868054,19.18039071007523,0</coordinates>
				</Point>
			</Placemark>
			<Placemark>
				<name>हेदुटणे, Hedutane</name>
				<visibility>0</visibility>
				<LookAt>
					<longitude>73.0948706557699</longitude>
					<latitude>19.17021158797395</latitude>
					<altitude>0</altitude>
					<heading>1.345305909527953</heading>
					<tilt>27.46389858346486</tilt>
					<range>934.2639392278106</range>
					<gx:altitudeMode>relativeToSeaFloor</gx:altitudeMode>
				</LookAt>
				<styleUrl>#msn_mmm1</styleUrl>
				<Point>
					<gx:drawOrder>1</gx:drawOrder>
					<coordinates>73.0943323652682,19.170598897856,0</coordinates>
				</Point>
			</Placemark>
			<Placemark>
				<name>कोळेगाव, Kolegaon</name>
				<visibility>0</visibility>
				<LookAt>
					<longitude>73.09155464890645</longitude>
					<latitude>19.16331844835172</latitude>
					<altitude>0</altitude>
					<heading>1.337185646449332</heading>
					<tilt>29.63428202944195</tilt>
					<range>746.9434649640571</range>
					<gx:altitudeMode>relativeToSeaFloor</gx:altitudeMode>
				</LookAt>
				<styleUrl>#msn_mmm1</styleUrl>
				<Point>
					<gx:drawOrder>1</gx:drawOrder>
					<coordinates>73.0900790647102,19.16282107455977,0</coordinates>
				</Point>
			</Placemark>
			<Placemark>
				<name>निळजे गाव, Nilaje Gaon</name>
				<visibility>0</visibility>
				<LookAt>
					<longitude>73.08467880815654</longitude>
					<latitude>19.15452331502597</latitude>
					<altitude>0</altitude>
					<heading>1.334928807974268</heading>
					<tilt>29.63584095106404</tilt>
					<range>1097.955257701115</range>
					<gx:altitudeMode>relativeToSeaFloor</gx:altitudeMode>
				</LookAt>
				<styleUrl>#msn_mmm1</styleUrl>
				<Point>
					<gx:drawOrder>1</gx:drawOrder>
					<coordinates>73.0814716932165,19.15409329527039,0</coordinates>
				</Point>
			</Placemark>
			<Placemark>
				<name>वडवली, Vadavali</name>
				<visibility>0</visibility>
				<LookAt>
					<longitude>73.09273473422579</longitude>
					<latitude>19.14440200089248</latitude>
					<altitude>0</altitude>
					<heading>1.337142824158879</heading>
					<tilt>29.77658272180268</tilt>
					<range>1105.685843538345</range>
					<gx:altitudeMode>relativeToSeaFloor</gx:altitudeMode>
				</LookAt>
				<styleUrl>#msn_mmm1</styleUrl>
				<Point>
					<gx:drawOrder>1</gx:drawOrder>
					<coordinates>73.09096658029536,19.14378305887745,0</coordinates>
				</Point>
			</Placemark>
			<Placemark>
				<name>बाळे, Bale</name>
				<visibility>0</visibility>
				<LookAt>
					<longitude>73.09515300487743</longitude>
					<latitude>19.13051654017534</latitude>
					<altitude>0</altitude>
					<heading>1.337935602429895</heading>
					<tilt>29.7785563082114</tilt>
					<range>1548.14286953032</range>
					<gx:altitudeMode>relativeToSeaFloor</gx:altitudeMode>
				</LookAt>
				<styleUrl>#msn_mmm1</styleUrl>
				<Point>
					<gx:drawOrder>1</gx:drawOrder>
					<coordinates>73.09412848496059,19.13088491825262,0</coordinates>
				</Point>
			</Placemark>
			<Placemark>
				<name>वाकळण, Waklan</name>
				<visibility>0</visibility>
				<LookAt>
					<longitude>73.09732328798941</longitude>
					<latitude>19.11972316156039</latitude>
					<altitude>0</altitude>
					<heading>1.343652725940381</heading>
					<tilt>28.19440093421633</tilt>
					<range>792.4048479596594</range>
					<gx:altitudeMode>relativeToSeaFloor</gx:altitudeMode>
				</LookAt>
				<styleUrl>#msn_mmm1</styleUrl>
				<Point>
					<gx:drawOrder>1</gx:drawOrder>
					<coordinates>73.09692441827876,19.11941718671349,0</coordinates>
				</Point>
			</Placemark>
			<Placemark>
				<name>तुर्भे, Turbhe</name>
				<visibility>0</visibility>
				<LookAt>
					<longitude>73.09631931129296</longitude>
					<latitude>19.10836554910045</latitude>
					<altitude>0</altitude>
					<heading>1.338302592970807</heading>
					<tilt>29.79094214450847</tilt>
					<range>920.5892617898048</range>
					<gx:altitudeMode>relativeToSeaFloor</gx:altitudeMode>
				</LookAt>
				<styleUrl>#msn_mmm1</styleUrl>
				<Point>
					<gx:drawOrder>1</gx:drawOrder>
					<coordinates>73.09650949132106,19.10832652750937,0</coordinates>
				</Point>
			</Placemark>
			<Placemark>
				<name>Pisarve Depot, पिसार्वे आगार</name>
				<visibility>0</visibility>
				<LookAt>
					<longitude>73.08970676485067</longitude>
					<latitude>19.092569147105</latitude>
					<altitude>0</altitude>
					<heading>1.336138768136205</heading>
					<tilt>29.79796614200823</tilt>
					<range>2494.570014954079</range>
					<gx:altitudeMode>relativeToSeaFloor</gx:altitudeMode>
				</LookAt>
				<styleUrl>#msn_mmm1</styleUrl>
				<Point>
					<gx:drawOrder>1</gx:drawOrder>
					<coordinates>73.09139657656343,19.09997192331655,0</coordinates>
				</Point>
			</Placemark>
			<Placemark>
				<name>पिसार्वे, Pisarve</name>
				<visibility>0</visibility>
				<LookAt>
					<longitude>73.08970676485067</longitude>
					<latitude>19.092569147105</latitude>
					<altitude>0</altitude>
					<heading>1.336138768136205</heading>
					<tilt>29.79796614200823</tilt>
					<range>2494.570014954079</range>
					<gx:altitudeMode>relativeToSeaFloor</gx:altitudeMode>
				</LookAt>
				<styleUrl>#msn_mmm1</styleUrl>
				<Point>
					<gx:drawOrder>1</gx:drawOrder>
					<coordinates>73.08640797429933,19.09226646043312,0</coordinates>
				</Point>
			</Placemark>
			<Placemark>
				<name>तळोजा, Taloja</name>
				<visibility>0</visibility>
				<LookAt>
					<longitude>73.08460736285394</longitude>
					<latitude>19.07380165524631</latitude>
					<altitude>0</altitude>
					<heading>1.337223733035201</heading>
					<tilt>28.89761897519439</tilt>
					<range>1345.88588847436</range>
					<gx:altitudeMode>relativeToSeaFloor</gx:altitudeMode>
				</LookAt>
				<styleUrl>#msn_mmm1</styleUrl>
				<Point>
					<gx:drawOrder>1</gx:drawOrder>
					<coordinates>73.08181976685756,19.0735244176598,0</coordinates>
				</Point>
			</Placemark>
		</Folder>
		<Folder>
			<name>Metro Line 13 (Purple) pro.</name>
			<Placemark>
				<name>Metro Line 13 (Purple) pro.</name>
				<styleUrl>#m_ylw-pushpin00</styleUrl>
				<LineString>
					<tessellate>1</tessellate>
					<coordinates>
						72.84330072789804,19.29427674172092,0 72.84238406552734,19.29419456808024,0 72.84196862957987,19.29444802701919,0 72.84120013180876,19.2969083681317,0 72.84104745349241,19.29867677317928,0 72.83966240093527,19.31628694872784,0 72.83766703684287,19.33993240211982,0 72.83739272852347,19.3419481669975,0 72.8363476305429,19.34383957174042,0 72.81865691878875,19.36842437088055,0 72.81856388872778,19.36888777297109,0 72.81861047424377,19.36924301031181,0 72.8192399438155,19.36981419683918,0 72.82253770228593,19.37274581336104,0 72.82511540148089,19.37503720839883,0 72.8256973617749,19.375498522222,0 72.82634385685682,19.37641488531327,0 72.82842792124052,19.37949417028508,0 72.82954734139986,19.38119806668186,0 72.82949636526685,19.38137131114191,0 72.8272183170936,19.38468749787787,0 72.82701277886345,19.38507387119861,0 72.82656307415019,19.38967386420337,0 72.82676916841284,19.39044683659228,0 72.82721238032308,19.39084466330085,0 72.8281741157581,19.39127458100641,0 72.82901241042242,19.39171642006375,0 72.82954622155367,19.39233464080031,0 72.83041334516621,19.39327611483453,0 72.8308374326204,19.39407567971601,0 72.83149345743843,19.39529019622452,0 72.83164872132321,19.39547440541563,0 72.83174169371918,19.39601066499903,0 72.83182575095735,19.39621302254528,0 72.83179992500675,19.39716486890491,0 72.82901384556496,19.40334665889234,0 72.82687112946117,19.40889130108441,0 72.82671978198991,19.40907969816609,0 72.82614124362385,19.40948967895594,0 72.82602754919725,19.40975408022875,0 72.82601679880312,19.4099149368136,0 72.8260510644066,19.40995311346322,0 72.82627138218611,19.41018388310898,0 72.82790052086426,19.41091741499887,0 72.82758978215242,19.41130622705956,0 72.82702161886604,19.41172068956975,0 72.82660394108873,19.4123145495903,0 72.82658822995943,19.41237200032209,0 72.82602814170778,19.4134545027573,0 72.82421542486011,19.41531002106439,0 72.81960835072503,19.42052630387856,0 72.81952188039369,19.42065866072537,0 72.81918125327689,19.42059154313295,0 72.81503351449253,19.42012437752039,0 72.80857523614137,19.41969111782061,0 72.80832343365333,19.41967956537764,0 72.80815413872988,19.41984528570876,0 72.80801628634731,19.42016271895863,0 72.80758598035113,19.42341625449055,0 72.80735952970178,19.42684486358453,0 72.80740720252143,19.43814865988304,0 72.80736328437396,19.44203571341753,0 72.80733941282716,19.443355737082,0 72.80688900736354,19.44466203653268,0 72.80664835467158,19.44543180976216,0 72.80650687956037,19.4458693998685,0 72.80526451262544,19.44740456585922,0 72.80503806724519,19.44793978554817,0 72.80470613092473,19.44850338354766,0 72.80397965663374,19.45313900371495,0 72.8038248008871,19.45387998882044,0 72.80363979588481,19.45473717629628,0 72.80380857107905,19.45573205749302,0 72.80448125131829,19.4577817890557,0 72.80474355228704,19.45914489355741,0 72.80477792437581,19.46114670614436,0 72.80511779727102,19.46318891796681,0 72.80574130368809,19.46496990491923,0 72.80618250582685,19.46606228025325,0 72.80703557515756,19.46678556535762,0 72.80710948457981,19.46681445036379,0 72.80859933852695,19.46766634315269,0 72.80864974956036,19.46769351819685,0 72.80918395460448,19.46805217209623,0 72.80927200404881,19.46842892423496,0 72.8092770421554,19.46844469825294,0 72.80952004547291,19.4691871702123,0 72.80967145580647,19.46948411970371,0 72.81031344828828,19.46978175085581,0 72.81033032337115,19.46978200151048,0 72.81149479343287,19.46976613384731,0 72.81155466235153,19.46976423483695,0 72.81235408085806,19.46964706240887,0 72.81308684134768,19.46970855275331,0 72.81439343275137,19.47011726612125,0 72.81711157607216,19.47170405467898,0 72.81774505140277,19.47197061552339,0 72.81885448361609,19.47182737558646,0 72.81959531737395,19.47160643873968,0 72.81989826643917,19.47145305496037,0 72.82042106990409,19.47165797068782,0 72.82075208337154,19.4718506406833,0 72.82149324221076,19.47231201453179,0 72.8215362215351,19.47232546065394,0 72.82271844591713,19.47301930546382,0 72.8247931652225,19.4735444033613,0 72.8263394184263,19.47413858286062,0 72.82760432274465,19.47432114427753,0 72.82763569581283,19.47432106797025,0 72.82823015091228,19.47426872335929,0 
					</coordinates>
				</LineString>
			</Placemark>
			<Placemark>
				<name>Subhash Chandra Bose Stadium, सुभाषचंद्र बोस स्टेडियम</name>
				<visibility>0</visibility>
				<open>1</open>
				<LookAt>
					<longitude>72.84440813149466</longitude>
					<latitude>19.29450191652414</latitude>
					<altitude>0</altitude>
					<heading>3.05330532088283</heading>
					<tilt>30.00214884432301</tilt>
					<range>478.3992864787175</range>
					<gx:altitudeMode>relativeToSeaFloor</gx:altitudeMode>
				</LookAt>
				<styleUrl>#msn_download (4)00</styleUrl>
				<Point>
					<gx:drawOrder>1</gx:drawOrder>
					<coordinates>72.84349424031727,19.29433675869909,0</coordinates>
				</Point>
			</Placemark>
		</Folder>
		<Folder>
			<name>Metro Line 14 (Magenta) pro.</name>
			<Placemark>
				<name>Metro Line 14 (Magenta) pro.</name>
				<styleUrl>#msn_ylw-pushpin010</styleUrl>
				<LineString>
					<tessellate>1</tessellate>
					<coordinates>
						72.93439909121908,19.11336003806413,0 72.93875494862104,19.12427608629421,0 72.94126226343742,19.12948562913916,0 72.94402332382856,19.13280481953873,0 72.94567661008374,19.13362671869165,0 72.9511293044086,19.13368820256253,0 72.95698793585784,19.13349518665286,0 72.98453063926441,19.12818373490405,0 72.98808267073599,19.12600390466719,0 72.98941257957169,19.12485872093299,0 72.99010865767443,19.12226454789437,0 72.99110845334333,19.1198635007067,0 72.99203707124278,19.11816380313279,0 72.99322022426709,19.11700593920558,0 72.99503448270977,19.11524784642972,0 72.99526066864979,19.11511543641363,0 72.99808936760495,19.11405924239989,0 73.00045177450251,19.11271474587027,0 73.00110257463537,19.11212764643698,0 73.0010864178421,19.11100060078085,0 73.00126919116488,19.11056840789906,0 73.00172910376089,19.11049675860106,0 73.00913849412674,19.11259503203524,0 73.01352247006872,19.11369453514376,0 73.01763349977649,19.11420849198149,0 73.02153096917991,19.11337507831648,0 73.02797193147644,19.11159419251126,0 73.03107079520834,19.11087387567931,0 73.03237387597021,19.11111995806078,0 73.03318636936302,19.11225432798665,0 73.03512111123145,19.11647669273756,0 73.03530553072585,19.1199245948883,0 73.0347845775571,19.12547216380456,0 73.03503701797746,19.12827157255861,0 73.0353041229035,19.12947466653003,0 73.03577079597501,19.13006024106492,0 73.0360592707196,19.13072423850194,0 73.03631667021033,19.13821687926898,0 73.03623231662695,19.13901327802332,0 73.03709511997366,19.13951005453184,0 73.03827527021205,19.14000998503008,0 73.04051749817131,19.14027712057313,0 73.04227858844871,19.14078236622467,0 73.04241069022085,19.14077692052249,0 73.04410134708041,19.14117118969461,0 73.0465001841177,19.14271995365914,0 73.05097867378947,19.14675857228449,0 73.05649560309413,19.15093234372221,0 73.06728479626796,19.15898663263088,0 73.07073070557763,19.16149035021681,0 73.07164896081815,19.16232396916243,0 73.07318108417773,19.16285782372595,0 73.07329239225533,19.16288692239764,0 73.07359099198725,19.16306315086408,0 73.07375323473622,19.16317987689532,0 73.07740168345408,19.16679498195744,0 73.08104423593467,19.1701886248224,0 73.0823525735737,19.17158361591301,0 73.08284232634873,19.17210705664701,0 73.0840742313689,19.17188749295347,0 73.08711122800889,19.17125906560089,0 73.08931953601683,19.17118583235493,0 73.09414618159045,19.17122183848076,0 73.09930593650147,19.17252873755369,0 73.10665187880002,19.17450460384854,0 73.11338693674092,19.17638297934145,0 73.11916616310664,19.17792537864007,0 73.12673161217671,19.17899698716541,0 73.13819083723382,19.18059760510403,0 73.14752408118244,19.18152092782334,0 73.15539639931809,19.18245067623674,0 73.16461159467062,19.1836874582232,0 73.17317609186661,19.18554332981347,0 73.18101872398799,19.18715841781863,0 73.18926642858904,19.18874250334445,0 73.19699617242527,19.19043746169752,0 73.19820365152633,19.19063149341832,0 73.19901409176612,19.19037328405174,0 73.20292878124039,19.18867591756621,0 73.21038683262265,19.18563473753432,0 73.21346019123639,19.18434926666067,0 73.21508317049764,19.18362627952697,0 73.22017278030806,19.18035021929625,0 73.22252495604643,19.17832392566598,0 73.22390371345109,19.17707532315368,0 73.22542825674029,19.17510801883472,0 73.22974196425216,19.16932193948564,0 73.22989252101523,19.16888208420565,0 73.23045283835822,19.1669196739847,0 73.23164509138991,19.16471394069407,0 73.23240717584646,19.16368825609895,0 73.23342033156173,19.16179984584853,0 
					</coordinates>
				</LineString>
			</Placemark>
		</Folder>
	</Folder>
	<Folder>
		<name>Mumbai Monorail</name>
		<Placemark>
			<name>Monorail</name>
			<styleUrl>#msn_ylw-pushpin70</styleUrl>
			<LineString>
				<tessellate>1</tessellate>
				<coordinates>
					72.8975463824863,19.06124996260291,0 72.89631934149031,19.05931446914629,0 72.89586366305645,19.05858439051086,0 72.89548862342387,19.05787623537147,0 72.89535278857507,19.05717723400945,0 72.89523817257212,19.05649934535544,0 72.89461209882273,19.05404255397873,0 72.89428571096929,19.05264633079855,0 72.89407430870557,19.0517788924676,0 72.89404977656068,19.05131653586065,0 72.89406902584356,19.05105169252667,0 72.89358750993338,19.05002795948775,0 72.8934255044379,19.04937125503858,0 72.89340805920746,19.04845839935472,0 72.8934735280346,19.04760258767691,0 72.89340151863591,19.04732828145558,0 72.89330692431027,19.04673314272599,0 72.89334856030634,19.04532531900635,0 72.89345285033957,19.04397801908857,0 72.89356510440814,19.04219625258246,0 72.89365728780636,19.04190124922854,0 72.89375750555149,19.04142950903142,0 72.89404677873212,19.04086207297063,0 72.89457615970593,19.03990850826537,0 72.8948261646711,19.03937367733112,0 72.89490342859322,19.03869799153366,0 72.8950884758809,19.03699350033899,0 72.89515403532172,19.03644590497357,0 72.89553521799718,19.03533459485798,0 72.89616673844858,19.03345755479817,0 72.8964503853832,19.03263791044517,0 72.89655237837202,19.03230141688846,0 72.89663010972639,19.03192060439495,0 72.89674650128764,19.03150362014975,0 72.89689570104146,19.0311181006505,0 72.896996273952,19.03083612620233,0 72.89698704397448,19.03047721105699,0 72.89701832799541,19.0296502094753,0 72.89710346268517,19.02925916896884,0 72.89728993609961,19.02890361151329,0 72.89735923054394,19.02863372160835,0 72.89733447770888,19.02845134491469,0 72.89727338383824,19.02829769600858,0 72.89715433495367,19.02816228363007,0 72.89694521176985,19.02807175271368,0 72.89416633492242,19.02793457243284,0 72.89297849929869,19.02789759753726,0 72.89251175635165,19.02778143234509,0 72.89135759405056,19.02772656600102,0 72.89006209728481,19.02770520496843,0 72.88946564875599,19.02770052618426,0 72.88912059973553,19.02773778763619,0 72.88884561610509,19.02780752643784,0 72.88863210174802,19.02794114686483,0 72.88841344063232,19.02813775380337,0 72.88825934421173,19.0283205070215,0 72.88806825006031,19.0284281070865,0 72.8878859162688,19.02849287697684,0 72.88765268849525,19.02847216714935,0 72.88725367324383,19.028303132653,0 72.88370053509702,19.02668159239713,0 72.88132785536881,19.02555195645547,0 72.87902338047797,19.02443770684203,0 72.87877287210112,19.02437795158401,0 72.87845919366215,19.02435926566733,0 72.8781228984995,19.02440200208809,0 72.87770169469404,19.02457093833791,0 72.87740229716812,19.02480153271364,0 72.87719002597274,19.02508596472924,0 72.87705242370649,19.02534742206602,0 72.87699972836543,19.02561035936037,0 72.87700371780045,19.02564888204736,0 72.87710846546121,19.02618337899435,0 72.87763689221036,19.0290566914121,0 72.87769810695085,19.02950585092777,0 72.87778916228689,19.03003077240794,0 72.87790626648084,19.03053859767046,0 72.87803285036117,19.0310344609734,0 72.87816070757427,19.03153208035083,0 72.87830816941079,19.03206214185651,0 72.8786329502873,19.03268877151837,0 72.87909427625851,19.03354502003858,0 72.87961662231427,19.03461982097274,0 72.87995986318828,19.03577791671606,0 72.88009570729307,19.03635705234296,0 72.88015647637705,19.03689712850669,0 72.8801549052983,19.03746986266449,0 72.87998336179814,19.03829242445645,0 72.87986527389123,19.03900407590341,0 72.87942576086087,19.04164711889524,0 72.87935278127333,19.04210113935807,0 72.87922415442989,19.0423269945536,0 72.87894870672997,19.04255093938926,0 72.87874174062414,19.04260835139539,0 72.87851382111324,19.04258847568655,0 72.87833031181754,19.04257671446997,0 72.87778261539977,19.04237806092378,0 72.87455907467528,19.0412555116117,0 72.87399872634697,19.04079345921895,0 72.87398002274459,19.04053480596032,0 72.87397892137287,19.03994329738867,0 72.87397772715266,19.03879089686673,0 72.8739982307916,19.03760969532643,0 72.87396486421365,19.03721819273321,0 72.87383531179414,19.03697338634184,0 72.87351109614683,19.03680216144251,0 72.87110905629856,19.03672122233466,0 72.87086003830906,19.03674483405495,0 72.86936650854004,19.03668154499434,0 72.86881090306899,19.03666704527597,0 72.86838388052627,19.03659886672567,0 72.86816362960386,19.0364424483165,0 72.86761581906097,19.03581271378322,0 72.86653747093004,19.03375198813457,0 72.86654373365036,19.03339129117472,0 72.86717713551177,19.03152812142903,0 72.8672402963188,19.03105396749687,0 72.86700548940682,19.03026522503169,0 72.86648618749838,19.02874742461721,0 72.86644674720027,19.02851238474043,0 72.86649181637642,19.02820229250506,0 72.86657163037843,19.02792988117915,0 72.86665637890931,19.02752769710402,0 72.86668322908483,19.02732822533913,0 72.86630679253692,19.02652834883382,0 72.86615717054086,19.02618901002947,0 72.86586619074302,19.02599155454345,0 72.86554307088515,19.02597370855017,0 72.86505291963385,19.02594671270675,0 72.86452712146776,19.02569821219121,0 72.86424024649531,19.02554472504972,0 72.86403087983111,19.02526059725678,0 72.86396769284947,19.02491028181208,0 72.86387763595813,19.0239219414761,0 72.86375969838581,19.02250997412953,0 72.86365413830433,19.02182040283625,0 72.86359918927026,19.02145542138452,0 72.86367177289027,19.02127895569215,0 72.86381491857436,19.02114679148071,0 72.8639489734304,19.02107303157423,0 72.86428313202865,19.02099550434582,0 72.8644783293704,19.02085850125829,0 72.86455879482068,19.02073269498236,0 72.864616382465,19.02054206704052,0 72.86446940457688,19.01943686795206,0 72.86431442599773,19.01917179636063,0 72.86381229288787,19.01856054387364,0 72.86361374917873,19.01846235910032,0 72.86338092852968,19.01841336244147,0 72.86255502302161,19.01846106176336,0 72.86037607000628,19.01862009825318,0 72.86019761471525,19.01859865734146,0 72.86003290297363,19.01850825521207,0 72.85991471897557,19.01825594352117,0 72.85990286230458,19.01824397701504,0 72.85937931291421,19.01753922323856,0 72.8589780756143,19.01714247084568,0 72.85878363004015,19.01704767290684,0 72.85863970619305,19.01702879419185,0 72.85846817409571,19.01707727615786,0 72.85611296744158,19.01863237978425,0 72.85594398300184,19.01863125116754,0 72.85580553473251,19.01860980818153,0 72.85567351646185,19.01858033508596,0 72.85552622007896,19.01844891665483,0 72.85408371690752,19.01769177442058,0 72.85332543404607,19.01718033781676,0 72.85229794634535,19.0163104189613,0 72.85058444991256,19.01464828078418,0 72.84957676189785,19.01313026718688,0 72.84892791861377,19.01187521426921,0 72.84839261757267,19.01066843042596,0 72.84793831149041,19.00965709055101,0 72.847562132403,19.00878899194388,0 72.84725922893247,19.00806326049077,0 72.84724037247159,19.00785247577126,0 72.84714753404826,19.00723544819006,0 72.84706872176102,19.00697673039201,0 72.84694303427963,19.00670187233741,0 72.84643338301734,19.00612466048215,0 72.84623268373569,19.00590246354105,0 72.84479789649608,19.00547504017727,0 72.84445733692002,19.00536304370453,0 72.8428009383385,19.00420020028189,0 72.84228511086846,19.00383437458269,0 72.84216109954315,19.00366223456273,0 72.84216084011713,19.0034312575523,0 72.84226389298283,19.00323331724519,0 72.84301127204239,19.00256845115348,0 72.84370707464582,19.0019689435616,0 72.84420119518386,19.00161521017124,0 72.84481875830176,19.00123635236424,0 72.84551486765551,19.00087763122725,0 72.8458178931501,19.0008175322028,0 72.84613325368893,19.00063110487608,0 72.84632522055146,19.00046149112661,0 72.84640837648314,19.00025331599073,0 72.8463811542168,18.99995165309398,0 72.84632286119563,18.99958184271696,0 72.8462788265123,18.99876963564267,0 72.84608772567762,18.99810835828007,0 72.84575072335961,18.99745870143229,0 72.8453712971352,18.9967787755937,0 72.84525501291465,18.99641036376534,0 72.8449451825542,18.99476070331794,0 72.84483646936459,18.99464331506637,0 72.84475677618985,18.99455493783292,0 72.84460405918365,18.99449578015716,0 72.84442711751997,18.99444599585511,0 72.84412870230128,18.99447498786213,0 72.8433361564683,18.99453214815431,0 72.83934038062276,18.99488686974032,0 72.83664165182056,18.99539638388515,0 72.83624447958663,18.99543726153616,0 72.83596910279131,18.99540449471754,0 72.8336282506751,18.99516491753494,0 72.83200507361049,18.99524531685929,0 72.83161136948449,18.99516760003803,0 72.83154138930388,18.99507412539286,0 72.83147529520753,18.99496098450201,0 72.8314263153385,18.99482103484783,0 72.83143571517999,18.99463018873281,0 72.831543941136,18.99319899335582,0 72.83155402224835,18.99172939358416,0 72.83162782881932,18.98989894945326,0 72.83173912615483,18.9882496556092,0 72.83177552096623,18.98671076651384,0 72.83168125947597,18.9864812894026,0 72.83078576010303,18.98547932496139,0 72.8286570830264,18.9831869712525,0 
				</coordinates>
			</LineString>
		</Placemark>
		<Placemark>
			<name>चेंबूर, Chembur</name>
			<visibility>0</visibility>
			<LookAt>
				<longitude>72.89843742980156</longitude>
				<latitude>19.06145470910627</latitude>
				<altitude>0</altitude>
				<heading>-7.467330391894319</heading>
				<tilt>24.54831419082941</tilt>
				<range>455.8761375836374</range>
				<gx:altitudeMode>relativeToSeaFloor</gx:altitudeMode>
			</LookAt>
			<styleUrl>#m_ylw-pushpin5</styleUrl>
			<Point>
				<gx:drawOrder>1</gx:drawOrder>
				<coordinates>72.89754881940486,19.06121617462263,0</coordinates>
			</Point>
		</Placemark>
		<Placemark>
			<name>VNP and RC Marg Junction, व्हीएनपी आणि आरसी मार्ग जंक्शन</name>
			<visibility>0</visibility>
			<LookAt>
				<longitude>72.89475374269519</longitude>
				<latitude>19.05336205973705</latitude>
				<altitude>0</altitude>
				<heading>-7.468533240926778</heading>
				<tilt>24.54945201924084</tilt>
				<range>760.7761023721805</range>
				<gx:altitudeMode>relativeToSeaFloor</gx:altitudeMode>
			</LookAt>
			<styleUrl>#m_ylw-pushpin5</styleUrl>
			<Point>
				<gx:drawOrder>1</gx:drawOrder>
				<coordinates>72.89425110688407,19.05265454459654,0</coordinates>
			</Point>
		</Placemark>
		<Placemark>
			<name>Fertiliser Township, फर्टीलाइझर टाउनशिप</name>
			<visibility>0</visibility>
			<LookAt>
				<longitude>72.8944045699963</longitude>
				<latitude>19.04440168267182</latitude>
				<altitude>0</altitude>
				<heading>-7.489315697150128</heading>
				<tilt>25.87071296095175</tilt>
				<range>592.870107156195</range>
				<gx:altitudeMode>relativeToSeaFloor</gx:altitudeMode>
			</LookAt>
			<styleUrl>#m_ylw-pushpin5</styleUrl>
			<Point>
				<gx:drawOrder>1</gx:drawOrder>
				<coordinates>72.89344778533481,19.0439330869344,0</coordinates>
			</Point>
		</Placemark>
		<Placemark>
			<name>Bharat Petroleum	, भारत पेट्रोलियम</name>
			<visibility>0</visibility>
			<LookAt>
				<longitude>72.89638594376929</longitude>
				<latitude>19.03578335807689</latitude>
				<altitude>0</altitude>
				<heading>-7.520934410674212</heading>
				<tilt>28.21866758156434</tilt>
				<range>537.025205561018</range>
				<gx:altitudeMode>relativeToSeaFloor</gx:altitudeMode>
			</LookAt>
			<styleUrl>#m_ylw-pushpin5</styleUrl>
			<Point>
				<gx:drawOrder>1</gx:drawOrder>
				<coordinates>72.89556499016406,19.03532627724587,0</coordinates>
			</Point>
		</Placemark>
		<Placemark>
			<name>Mysore Colony, मैसूर कॉलनी</name>
			<visibility>0</visibility>
			<LookAt>
				<longitude>72.8919916275036</longitude>
				<latitude>19.02874405874396</latitude>
				<altitude>0</altitude>
				<heading>-7.541944050493933</heading>
				<tilt>29.8425419054694</tilt>
				<range>695.5566335290058</range>
				<gx:altitudeMode>relativeToSeaFloor</gx:altitudeMode>
			</LookAt>
			<styleUrl>#m_ylw-pushpin5</styleUrl>
			<Point>
				<gx:drawOrder>1</gx:drawOrder>
				<coordinates>72.89136244862793,19.02771664789048,0</coordinates>
			</Point>
		</Placemark>
		<Placemark>
			<name>Bhakti Park, भक्ती पार्क</name>
			<visibility>0</visibility>
			<LookAt>
				<longitude>72.878590818566</longitude>
				<latitude>19.02921460804667</latitude>
				<altitude>0</altitude>
				<heading>-7.521120986633026</heading>
				<tilt>27.78138952430477</tilt>
				<range>599.8701019544657</range>
				<gx:altitudeMode>relativeToSeaFloor</gx:altitudeMode>
			</LookAt>
			<styleUrl>#m_ylw-pushpin5</styleUrl>
			<Point>
				<gx:drawOrder>1</gx:drawOrder>
				<coordinates>72.87761445297818,19.02902397969962,0</coordinates>
			</Point>
		</Placemark>
		<Placemark>
			<name>Wadala Depot, वडाळा डेपो</name>
			<visibility>0</visibility>
			<LookAt>
				<longitude>72.87413713618575</longitude>
				<latitude>19.03903665456002</latitude>
				<altitude>0</altitude>
				<heading>-0.8385744382227474</heading>
				<tilt>27.72755401408527</tilt>
				<range>566.642805688254</range>
				<gx:altitudeMode>relativeToSeaFloor</gx:altitudeMode>
			</LookAt>
			<styleUrl>#m_ylw-pushpin5</styleUrl>
			<Point>
				<gx:drawOrder>1</gx:drawOrder>
				<coordinates>72.87398030356754,19.03892945833384,0</coordinates>
			</Point>
		</Placemark>
		<Placemark>
			<name>Guru Tegh Bahadur Nagar, गुरू तेग बहादुर नगर</name>
			<visibility>0</visibility>
			<LookAt>
				<longitude>72.8709698741243</longitude>
				<latitude>19.0375091759599</latitude>
				<altitude>0</altitude>
				<heading>-0.8393708762642034</heading>
				<tilt>30.00245412834006</tilt>
				<range>546.3903239806026</range>
				<gx:altitudeMode>relativeToSeaFloor</gx:altitudeMode>
			</LookAt>
			<styleUrl>#m_ylw-pushpin5</styleUrl>
			<Point>
				<gx:drawOrder>1</gx:drawOrder>
				<coordinates>72.87089089868873,19.03673645234035,0</coordinates>
			</Point>
		</Placemark>
		<Placemark>
			<name>Antop Hill, अँटॉप हिल</name>
			<visibility>0</visibility>
			<LookAt>
				<longitude>72.86809313715204</longitude>
				<latitude>19.03048138020835</latitude>
				<altitude>0</altitude>
				<heading>-0.8403090229343755</heading>
				<tilt>30.0024243911588</tilt>
				<range>539.770292019115</range>
				<gx:altitudeMode>relativeToSeaFloor</gx:altitudeMode>
			</LookAt>
			<styleUrl>#m_ylw-pushpin5</styleUrl>
			<Point>
				<gx:drawOrder>1</gx:drawOrder>
				<coordinates>72.86700242508482,19.03023911029225,0</coordinates>
			</Point>
		</Placemark>
		<Placemark>
			<name>Acharya Atre Nagar, आचार्य अत्रे नगर</name>
			<visibility>0</visibility>
			<LookAt>
				<longitude>72.86501030657678</longitude>
				<latitude>19.02424031166471</latitude>
				<altitude>0</altitude>
				<heading>-0.841313939989088</heading>
				<tilt>30.00235820211226</tilt>
				<range>525.0349138105295</range>
				<gx:altitudeMode>relativeToSeaFloor</gx:altitudeMode>
			</LookAt>
			<styleUrl>#m_ylw-pushpin5</styleUrl>
			<Point>
				<gx:drawOrder>1</gx:drawOrder>
				<coordinates>72.86391673783724,19.02389518707452,0</coordinates>
			</Point>
		</Placemark>
		<Placemark>
			<name>Wadala Bridge, वडाळा ब्रिज</name>
			<visibility>0</visibility>
			<LookAt>
				<longitude>72.86026870998668</longitude>
				<latitude>19.01770053393466</latitude>
				<altitude>0</altitude>
				<heading>-0.8428588877671274</heading>
				<tilt>30.00202581279475</tilt>
				<range>451.0118074398815</range>
				<gx:altitudeMode>relativeToSeaFloor</gx:altitudeMode>
			</LookAt>
			<styleUrl>#m_ylw-pushpin5</styleUrl>
			<Point>
				<gx:drawOrder>1</gx:drawOrder>
				<coordinates>72.85940756393579,19.01748979424407,0</coordinates>
			</Point>
		</Placemark>
		<Placemark>
			<name>दादर (पूर्व), Dadar (East)</name>
			<visibility>0</visibility>
			<LookAt>
				<longitude>72.85295049956342</longitude>
				<latitude>19.01633240634706</latitude>
				<altitude>0</altitude>
				<heading>-2.246283487893468</heading>
				<tilt>18.86860488012699</tilt>
				<range>325.8078109181702</range>
				<gx:altitudeMode>relativeToSeaFloor</gx:altitudeMode>
			</LookAt>
			<styleUrl>#m_ylw-pushpin5</styleUrl>
			<Point>
				<gx:drawOrder>1</gx:drawOrder>
				<coordinates>72.85231240408683,19.01633176439344,0</coordinates>
			</Point>
		</Placemark>
		<Placemark>
			<name>नायगाव, Naigaon</name>
			<visibility>0</visibility>
			<LookAt>
				<longitude>72.84818043366002</longitude>
				<latitude>19.00968092932615</latitude>
				<altitude>0</altitude>
				<heading>-5.339845065368513</heading>
				<tilt>0</tilt>
				<range>370.981219451709</range>
				<gx:altitudeMode>relativeToSeaFloor</gx:altitudeMode>
			</LookAt>
			<styleUrl>#m_ylw-pushpin5</styleUrl>
			<Point>
				<gx:drawOrder>1</gx:drawOrder>
				<coordinates>72.84791766231662,19.00960493244022,0</coordinates>
			</Point>
		</Placemark>
		<Placemark>
			<name>Ambedkar Nagar,	आंबेडकर नगर</name>
			<visibility>0</visibility>
			<LookAt>
				<longitude>72.84462486952272</longitude>
				<latitude>19.00175758774001</latitude>
				<altitude>0</altitude>
				<heading>-5.340974243477608</heading>
				<tilt>13.90724770292085</tilt>
				<range>417.8290726067369</range>
				<gx:altitudeMode>relativeToSeaFloor</gx:altitudeMode>
			</LookAt>
			<styleUrl>#m_ylw-pushpin5</styleUrl>
			<Point>
				<gx:drawOrder>1</gx:drawOrder>
				<coordinates>72.8442571299413,19.00160405762646,0</coordinates>
			</Point>
		</Placemark>
		<Placemark>
			<name>Mint Colony, मिंट कॉलनी</name>
			<visibility>0</visibility>
			<LookAt>
				<longitude>72.84318446564332</longitude>
				<latitude>18.99513219686478</latitude>
				<altitude>0</altitude>
				<heading>-5.341216882144567</heading>
				<tilt>22.49063319960273</tilt>
				<range>540.1384962477085</range>
				<gx:altitudeMode>relativeToSeaFloor</gx:altitudeMode>
			</LookAt>
			<styleUrl>#m_ylw-pushpin5</styleUrl>
			<Point>
				<gx:drawOrder>1</gx:drawOrder>
				<coordinates>72.84333086007375,18.99450618491801,0</coordinates>
			</Point>
		</Placemark>
		<Placemark>
			<name>लोअर परळ, Lower Parel</name>
			<visibility>0</visibility>
			<LookAt>
				<longitude>72.83275571720874</longitude>
				<latitude>18.99332798240839</latitude>
				<altitude>0</altitude>
				<heading>-5.344555580598838</heading>
				<tilt>24.2889122897807</tilt>
				<range>617.6321304058728</range>
				<gx:altitudeMode>relativeToSeaFloor</gx:altitudeMode>
			</LookAt>
			<styleUrl>#m_ylw-pushpin5</styleUrl>
			<Point>
				<gx:drawOrder>1</gx:drawOrder>
				<coordinates>72.83149626392505,18.99317754678979,0</coordinates>
			</Point>
		</Placemark>
		<Placemark>
			<name>Sant Gadge Maharaj Chowk, संत गाडगे महाराज चौक</name>
			<visibility>0</visibility>
			<LookAt>
				<longitude>72.82864905315738</longitude>
				<latitude>18.98306585041909</latitude>
				<altitude>0</altitude>
				<heading>-9.886276604799333</heading>
				<tilt>17.09363374512086</tilt>
				<range>593.069560351102</range>
				<gx:altitudeMode>relativeToSeaFloor</gx:altitudeMode>
			</LookAt>
			<styleUrl>#m_ylw-pushpin5</styleUrl>
			<Point>
				<gx:drawOrder>1</gx:drawOrder>
				<coordinates>72.82873266417461,18.9832064625046,0</coordinates>
			</Point>
		</Placemark>
	</Folder>
	<Folder>
		<name>Navi Mumbai Metro</name>
		<Folder>
			<name>Line 1 (Black)</name>
			<Placemark>
				<name>Line 1 (Black)</name>
				<styleUrl>#msn_ylw-pushpin41</styleUrl>
				<LineString>
					<tessellate>1</tessellate>
					<coordinates>
						73.04025839916794,19.02066526374363,0 73.04170571976734,19.02145599095494,0 73.04262671017251,19.02197048453675,0 73.04317635705091,19.02228718104438,0 73.04379882404845,19.02263642966868,0 73.04448726360906,19.0231702360602,0 73.04495198813009,19.02337609985776,0 73.04544886962179,19.02338329234447,0 73.04637021672556,19.02321846403957,0 73.0478633018256,19.02300181276325,0 73.04960604255376,19.02276310989144,0 73.05003305754327,19.02275224940287,0 73.0504187306844,19.02291265277326,0 73.05205313805965,19.02361943314083,0 73.05361829762015,19.02438883325112,0 73.055063967252,19.02534845153039,0 73.05679243080151,19.02656604502068,0 73.05700845748763,19.02689667800321,0 73.05726839039804,19.0279888355681,0 73.05767954070301,19.02982098403587,0 73.05796070662265,19.03092341813669,0 73.05863039796311,19.03205999726767,0 73.05903146026104,19.03269019778753,0 73.05999608946098,19.03404419272943,0 73.06031239926514,19.03467929041376,0 73.06052351501449,19.03506538812712,0 73.06071091734209,19.03543192578147,0 73.06094105070525,19.03577681490162,0 73.06204739940229,19.03718685289788,0 73.06252856710542,19.03769126261827,0 73.06279226396178,19.03779230047427,0 73.06301746209256,19.03786808297939,0 73.06337606339844,19.03788088197414,0 73.06424695277678,19.03771836970008,0 73.06507246363974,19.03755614736016,0 73.06536550244658,19.03757127486361,0 73.06556360726269,19.03761570888587,0 73.06587442975085,19.03775623165908,0 73.06643666429161,19.03840922891217,0 73.06861008463859,19.04099772404249,0 73.06884283160966,19.04116795587736,0 73.06911428185067,19.04125485472529,0 73.0694399194869,19.0413095934321,0 73.07232932918745,19.04138142990285,0 73.07328542935797,19.04143545311073,0 73.07356290298726,19.04155592270166,0 73.07371954618769,19.04173892562394,0 73.07394045290245,19.04196961940402,0 73.07442698954327,19.04322827262118,0 73.07500293928159,19.04472789494876,0 73.07518134040861,19.04558521663418,0 73.07532717473627,19.04738323512176,0 73.07554189851032,19.04931054900129,0 73.0758117861602,19.05149769644209,0 73.07607369486962,19.05368942056541,0 73.07642614612696,19.05619715672976,0 73.07673018108839,19.05823269721909,0 73.07705532361658,19.06083931701842,0 73.07747035383329,19.06381196724141,0 73.07777191869931,19.06622216809345,0 73.07809018923106,19.06875207885969,0 73.07815719999188,19.06923861510138,0 73.0787516643648,19.0719144673209,0 73.07890799817034,19.07258049541518,0 73.07909330807455,19.07314497297814,0 73.07933865479761,19.0735472104708,0 73.07969487947243,19.07376768295489,0 73.08009172953793,19.0739179584786,0 73.08058574360625,19.07393251919312,0 73.08190976654967,19.07370180229934,0 73.08329089651775,19.0734656753021,0 73.08364311622231,19.0734376361748,0 73.08404585343959,19.07352685868545,0 73.08433263033095,19.07367762377084,0 73.08537205401723,19.07443102895034,0 73.08592618917615,19.07482205977139,0 73.08634141502542,19.07511039997217,0 73.08677161974403,19.07545464415326,0 73.08719491237234,19.07580519248843,0 73.08762932101027,19.07605071471903,0 73.08800441135413,19.07619728686887,0 73.0883815057837,19.0762100613135,0 73.08863611169897,19.07615215808971,0 73.08898386162555,19.07603183533873,0 73.08952824071729,19.07563969390043,0 73.09084137852095,19.07447054884871,0 73.09171071894917,19.07380036571063,0 73.09213955557964,19.07362047268094,0 73.09257902437724,19.07361070253064,0 73.09288135763346,19.07361981491827,0 73.0930658852853,19.07362740003351,0 73.09571658392792,19.07335005761772,0 73.0960566603523,19.07329869306778,0 73.09646813890566,19.07309541681995,0 73.09769246267811,19.07232899285907,0 73.10028720795499,19.07059608593121,0 73.10055354030892,19.07044050117939,0 73.10085080089921,19.0700125616706,0 73.10170749624693,19.06890721927711,0 73.10195948834176,19.06890139117105,0 73.10526296734996,19.07120963079626,0 73.10701655887409,19.07229520766798,0 73.10810095599291,19.07268102778393,0 73.10906242440829,19.07289874616242,0 73.10979580197024,19.07293882051778,0 73.11104400899374,19.07286627775704,0 73.11189098340762,19.07270485067679,0 73.11292255191822,19.07232203330296,0 73.11368322441159,19.07198145374496,0 73.115155735678,19.07121249507027,0 73.11587238822833,19.07084052784209,0 73.11651468811421,19.07038683770338,0 73.11706247418505,19.07003089393586,0 73.11714976057735,19.0696580404639,0 73.1172210458238,19.06937625808035,0 73.11787989575193,19.06825449817218,0 73.12070968538443,19.06341751737321,0 73.12079818348538,19.06308915146887,0 73.12069041893048,19.06284568886407,0 73.11959209904643,19.06226792032562,0 73.11257427004001,19.05858674518097,0 73.11223081557971,19.05835260436303,0 73.11219911130993,19.05822749092696,0 73.11222712409615,19.05806759836939,0 73.11243361369888,19.05773680180011,0 73.11476671794175,19.05378782760097,0 73.11558680763923,19.05248037460686,0 73.1161553598738,19.05144246180668,0 73.11629114568625,19.05117707187678,0 73.11637130307757,19.05086865693718,0 73.1164470843963,19.05045697023985,0 73.11809439431785,19.04684810021985,0 73.11813866202422,19.04658851360893,0 73.11804751924238,19.04631061530893,0 73.11789480546507,19.0461818445521,0 73.11774308683997,19.04606403442433,0 73.11767813173313,19.04603755422444,0 73.10700861225956,19.04470935439893,0 73.1039714589712,19.04433263831139,0 73.10166555306807,19.04419494492315,0 73.09914283425593,19.04429480977905,0 73.09848038587606,19.04421946204361,0 73.09745906963965,19.04391294697388,0 73.09645945300345,19.0432772790647,0 73.09531190993518,19.04256440767599,0 73.09521825224807,19.04237659012392,0 73.09528578343496,19.04210421176093,0 73.09624274833021,19.04076062329472,0 73.09627315778216,19.04048535817356,0 73.09629728497831,19.03704657278049,0 73.09649442497124,19.02973152993955,0 73.09650967837781,19.02674750143551,0 73.096562213269,19.0264712751909,0 73.09647919272437,19.02619836067008,0 73.09628281655984,19.02601371612959,0 73.09623662823196,19.02592331049053,0 73.09631317773747,19.02579349261461,0 73.0965183888852,19.02568277491914,0 73.09695743960796,19.02503139358369,0 73.09709679842412,19.0243653028092,0 73.0972003504132,19.02366943833996,0 73.09759127478459,19.02160642370242,0 73.09777066717473,19.02016699576521,0 73.09778153022286,19.01968493103971,0 73.09775218671317,19.01968399559621,0 73.09739781789312,19.01937289068519,0 73.09452860005598,19.01565444524104,0 73.09401659861616,19.01511580463982,0 73.09406242949117,19.01457417623852,0 73.09452914005905,19.01185062571869,0 73.09467905428374,19.01124357069469,0 73.09502235464528,19.01103576798617,0 73.09505019694512,19.0110681194542,0 73.09600744739457,19.01102810483216,0 73.09607642967829,19.01036978498031,0 73.09606292540676,19.01033937780709,0 73.09594110363278,19.00973636536784,0 73.09591611660805,19.00964621135466,0 73.0957211462044,19.00894774820995,0 73.0957238447578,19.00889177354306,0 73.09564278538878,19.00853582790958,0 73.09550916575866,19.00816785848522,0 73.09433608747393,19.00371277729916,0 73.09271962258063,19.00038017137986,0 73.0906928971803,18.9979165106383,0 73.08883309591583,18.99624813752783,0 73.0874129063309,18.99533437502862,0 73.08640152630181,18.99522729234559,0 73.07026891439764,18.9934268739026,0 73.06122217183223,18.99252699124016,0 
					</coordinates>
				</LineString>
			</Placemark>
			<Placemark>
				<name>सी.बी.डी. बेलापूर, CBD Belapur</name>
				<visibility>0</visibility>
				<LookAt>
					<longitude>73.04139582315761</longitude>
					<latitude>19.02121815344911</latitude>
					<altitude>0</altitude>
					<heading>1.740755927865957</heading>
					<tilt>29.47691332377817</tilt>
					<range>970.4569110924535</range>
					<gx:altitudeMode>relativeToSeaFloor</gx:altitudeMode>
				</LookAt>
				<styleUrl>#msn_download (6)0</styleUrl>
				<Point>
					<gx:drawOrder>1</gx:drawOrder>
					<coordinates>73.0401797068937,19.02051839733668,0</coordinates>
				</Point>
			</Placemark>
			<Placemark>
				<name>RBI Colony, आर.बी.आय. कॉलनी</name>
				<visibility>0</visibility>
				<LookAt>
					<longitude>73.04755862047929</longitude>
					<latitude>19.02302396131904</latitude>
					<altitude>0</altitude>
					<heading>1.742832748304867</heading>
					<tilt>29.5538998622254</tilt>
					<range>1058.881078893262</range>
					<gx:altitudeMode>relativeToSeaFloor</gx:altitudeMode>
				</LookAt>
				<styleUrl>#msn_download (6)0</styleUrl>
				<Point>
					<gx:drawOrder>1</gx:drawOrder>
					<coordinates>73.04787395990519,19.02298530690965,0</coordinates>
				</Point>
			</Placemark>
			<Placemark>
				<name>बेलपाडा, Belpada</name>
				<visibility>0</visibility>
				<LookAt>
					<longitude>73.05502224864325</longitude>
					<latitude>19.02565635026717</latitude>
					<altitude>0</altitude>
					<heading>1.745809429683771</heading>
					<tilt>30.18251244683936</tilt>
					<range>393.2888226759652</range>
					<gx:altitudeMode>relativeToSeaFloor</gx:altitudeMode>
				</LookAt>
				<styleUrl>#msn_download (6)0</styleUrl>
				<Point>
					<gx:drawOrder>1</gx:drawOrder>
					<coordinates>73.05505980247385,19.02531035675021,0</coordinates>
				</Point>
			</Placemark>
			<Placemark>
				<name>Utsav Chowk (Kharghar), उत्सव चौक (खारघर)</name>
				<visibility>0</visibility>
				<LookAt>
					<longitude>73.0595089358735</longitude>
					<latitude>19.03293409724167</latitude>
					<altitude>0</altitude>
					<heading>9.962095262292834</heading>
					<tilt>34.91501038486058</tilt>
					<range>528.4487430348604</range>
					<gx:altitudeMode>relativeToSeaFloor</gx:altitudeMode>
				</LookAt>
				<styleUrl>#msn_download (6)0</styleUrl>
				<Point>
					<gx:drawOrder>1</gx:drawOrder>
					<coordinates>73.05901516812062,19.03274165127849,0</coordinates>
				</Point>
			</Placemark>
			<Placemark>
				<name>Kendriya Vihar, केंद्रीय विहार</name>
				<visibility>0</visibility>
				<LookAt>
					<longitude>73.06383736225099</longitude>
					<latitude>19.03797239068</latitude>
					<altitude>0</altitude>
					<heading>9.217240516411415</heading>
					<tilt>12.09010394797842</tilt>
					<range>474.3041041927029</range>
					<gx:altitudeMode>relativeToSeaFloor</gx:altitudeMode>
				</LookAt>
				<styleUrl>#msn_download (6)0</styleUrl>
				<Point>
					<gx:drawOrder>1</gx:drawOrder>
					<coordinates>73.06420988028195,19.03774264094142,0</coordinates>
				</Point>
			</Placemark>
			<Placemark>
				<name>Kharghar Village, खारघर गाव</name>
				<visibility>0</visibility>
				<LookAt>
					<longitude>73.07466807847605</longitude>
					<latitude>19.04369703221577</latitude>
					<altitude>0</altitude>
					<heading>9.220855068017091</heading>
					<tilt>15.83367075387973</tilt>
					<range>654.3992198570247</range>
					<gx:altitudeMode>relativeToSeaFloor</gx:altitudeMode>
				</LookAt>
				<styleUrl>#msn_download (6)0</styleUrl>
				<Point>
					<gx:drawOrder>1</gx:drawOrder>
					<coordinates>73.0744157245109,19.04317165959462,0</coordinates>
				</Point>
			</Placemark>
			<Placemark>
				<name>Central Park (Kharghar), सेंट्रल पार्क (खारघर)</name>
				<visibility>0</visibility>
				<LookAt>
					<longitude>73.07700797799113</longitude>
					<latitude>19.05326243341796</latitude>
					<altitude>0</altitude>
					<heading>9.22161867090867</heading>
					<tilt>15.83365653791654</tilt>
					<range>648.5990895467969</range>
					<gx:altitudeMode>relativeToSeaFloor</gx:altitudeMode>
				</LookAt>
				<styleUrl>#msn_download (6)0</styleUrl>
				<Point>
					<gx:drawOrder>1</gx:drawOrder>
					<coordinates>73.07605621339403,19.05346008520678,0</coordinates>
				</Point>
			</Placemark>
			<Placemark>
				<name>Pethpada (Kharghar), पेठपाडा (खारघर)</name>
				<visibility>0</visibility>
				<LookAt>
					<longitude>73.07847316953288</longitude>
					<latitude>19.06380360718496</latitude>
					<altitude>0</altitude>
					<heading>9.222097112650468</heading>
					<tilt>15.83365906972323</tilt>
					<range>649.6322798328933</range>
					<gx:altitudeMode>relativeToSeaFloor</gx:altitudeMode>
				</LookAt>
				<styleUrl>#msn_download (6)0</styleUrl>
				<Point>
					<gx:drawOrder>1</gx:drawOrder>
					<coordinates>73.07745900619418,19.06396391373132,0</coordinates>
				</Point>
			</Placemark>
			<Placemark>
				<name>Amandoot, अमनदूत</name>
				<visibility>0</visibility>
				<LookAt>
					<longitude>73.08245294335761</longitude>
					<latitude>19.07400622671064</latitude>
					<altitude>0</altitude>
					<heading>9.223397454361136</heading>
					<tilt>15.83365887216642</tilt>
					<range>649.5514432788592</range>
					<gx:altitudeMode>relativeToSeaFloor</gx:altitudeMode>
				</LookAt>
				<styleUrl>#msn_download (6)0</styleUrl>
				<Point>
					<gx:drawOrder>1</gx:drawOrder>
					<coordinates>73.08181242240262,19.07372655437538,0</coordinates>
				</Point>
			</Placemark>
			<Placemark>
				<name>Pethali - Taloja, पेठाली - तळोजा</name>
				<visibility>0</visibility>
				<LookAt>
					<longitude>73.09065500050974</longitude>
					<latitude>19.07460459624131</latitude>
					<altitude>0</altitude>
					<heading>9.226077761715606</heading>
					<tilt>15.83366839040259</tilt>
					<range>653.434935736875</range>
					<gx:altitudeMode>relativeToSeaFloor</gx:altitudeMode>
				</LookAt>
				<styleUrl>#msn_download (6)0</styleUrl>
				<Point>
					<gx:drawOrder>1</gx:drawOrder>
					<coordinates>73.09065500050974,19.07460459624131,0</coordinates>
				</Point>
			</Placemark>
			<Placemark>
				<name>पेणधर, Pendhar</name>
				<visibility>0</visibility>
				<LookAt>
					<longitude>73.09859962449254</longitude>
					<latitude>19.07211452743516</latitude>
					<altitude>0</altitude>
					<heading>9.228673779825192</heading>
					<tilt>15.83365207211779</tilt>
					<range>646.7771538848943</range>
					<gx:altitudeMode>relativeToSeaFloor</gx:altitudeMode>
				</LookAt>
				<styleUrl>#msn_download (6)0</styleUrl>
				<Point>
					<gx:drawOrder>1</gx:drawOrder>
					<coordinates>73.09786519108766,19.0722652452938,0</coordinates>
				</Point>
			</Placemark>
		</Folder>
	</Folder>
	<Folder>
		<name>Thane Metro</name>
		<Folder>
			<name>Thane Integral Metro</name>
			<open>1</open>
			<Placemark>
				<name>Thane Integral Metro</name>
				<styleUrl>#msn_ylw-pushpin51</styleUrl>
				<LineString>
					<tessellate>1</tessellate>
					<coordinates>
						72.97615685075075,19.18532927217763,0 72.97941148630342,19.18667197053984,0 72.98080003320241,19.18722570568481,0 72.98118730715538,19.18801085472892,0 72.98155158899765,19.18873582863591,0 72.98193092330604,19.18989873504712,0 72.98204804291089,19.1907272503071,0 72.98211360688985,19.19147924055732,0 72.98212310056553,19.19162829839891,0 72.98222211172491,19.19253995382508,0 72.98223350925892,19.19267306927347,0 72.98243982185532,19.19359582598942,0 72.98245623051275,19.19366372914463,0 72.98284494704103,19.19454728637779,0 72.98353922635056,19.19623660666857,0 72.98404010571305,19.19763199481919,0 72.98451703433558,19.19842956813894,0 72.98529985593498,19.19933154804604,0 72.98563548825662,19.19974332851972,0 72.98578698316076,19.19995559041011,0 72.98630229837627,19.20137044146374,0 72.98704621092504,19.20225942794959,0 72.9890342245295,19.20399240379822,0 72.9908662030028,19.20537820049888,0 72.99129499116582,19.20555338593106,0 72.99177262231748,19.2057794190921,0 72.99184036016484,19.20580399702088,0 72.99227134628042,19.20614776254194,0 72.9922797627911,19.20618904159122,0 72.99365790552855,19.207869184287,0 72.99400389660379,19.20860720558005,0 72.99427511368907,19.20887620116414,0 72.99459506906936,19.20934935525927,0 72.99436942152867,19.20987784172313,0 72.99411783464917,19.21072064599296,0 72.99421386647772,19.21148263853079,0 72.99426090490783,19.2120507332848,0 72.9943034840078,19.21308206185473,0 72.9943020628963,19.21310364092314,0 72.99413349513789,19.21343247500795,0 72.99409815624448,19.21348677940079,0 72.99408287047898,19.21355360469515,0 72.9937263366904,19.21390838996806,0 72.99371277303395,19.21406818270674,0 72.99367854663508,19.2144410608433,0 72.99384543939357,19.21491557285514,0 72.99386021144802,19.21497816373979,0 72.99462256367759,19.21659031713533,0 72.9956868490826,19.21786689136484,0 72.99663665288402,19.21913085836844,0 72.99718436302921,19.21992033161541,0 72.99763393058586,19.22070282737378,0 72.99805450481561,19.22181306067611,0 72.99819613674073,19.2224135695325,0 72.99835692821769,19.22320490015649,0 72.99836354460976,19.22323543411911,0 72.99858340515897,19.22448937467268,0 72.99868534912243,19.2251324858349,0 72.99865538644026,19.22563506288364,0 72.99849393974453,19.22634148203428,0 72.99837193240171,19.22676841814236,0 72.99828957015212,19.22722530420368,0 72.99828715838672,19.22724651930206,0 72.99803746476221,19.22788522784317,0 72.99784852732125,19.22858756555746,0 72.99782285458512,19.22862095054107,0 72.99750228197311,19.22914940331561,0 72.99748531825641,19.22919590245143,0 72.99720816520764,19.22961358374991,0 72.99682057061102,19.23004058267067,0 72.9967967241881,19.23005038617775,0 72.99600092502443,19.23043140156698,0 72.99340518777163,19.231369627158,0 72.99265033513083,19.23151423892541,0 72.99207522701734,19.23158418192811,0 72.99142017839712,19.23182263468466,0 72.99058902250948,19.23200601698217,0 72.98979295251407,19.23213408574463,0 72.98915570422338,19.23226720201673,0 72.98847701130774,19.23264674608095,0 72.98821664862942,19.23303492609416,0 72.98796050806541,19.23386516727232,0 72.98793785203677,19.23394254880877,0 72.98748624569119,19.23530720677526,0 72.98718462202336,19.23617522865707,0 72.98686749771393,19.23668376007986,0 72.98642574956649,19.23676706689835,0 72.9857490529056,19.23681385567745,0 72.98543959946487,19.23676444914194,0 72.98498890795821,19.2366677632319,0 72.98472636017576,19.23679859281288,0 72.98443733121302,19.23710827652129,0 72.98441750680027,19.23768420866938,0 72.98441395648537,19.23771213076242,0 72.9844015129098,19.23813580579939,0 72.9843661584392,19.23852716108022,0 72.98436049869383,19.23857166972641,0 72.9842372794192,19.23890816785995,0 72.9842011050154,19.23897793561483,0 72.98410438372322,19.2390869602915,0 72.98407149222835,19.23912803772529,0 72.98381255768659,19.23929826852735,0 72.98378290704682,19.23931078036306,0 72.98348255489636,19.23934953754696,0 72.98342484841592,19.23936014712651,0 72.98336709827377,19.23937076472274,0 72.98315873275735,19.23935412956729,0 72.98310313646226,19.23934979089288,0 72.9827712769164,19.23932009393165,0 72.98270003646792,19.23932824499554,0 72.98237550313625,19.23935282375899,0 72.98174059933555,19.23951166331089,0 72.98142425282944,19.23971816771998,0 72.98118694292657,19.24009024202946,0 72.98111211921758,19.24042644824515,0 72.98109511288638,19.2404636244386,0 72.98107662110026,19.24051338468221,0 72.98095255069421,19.24083673042119,0 72.98093195633133,19.24104269065931,0 72.98112931859031,19.24115394893912,0 72.98123612303108,19.24118514174926,0 72.98178055066045,19.24123285947211,0 72.98187753208697,19.24124047931079,0 72.98226712149273,19.24157341750182,0 72.98246783987878,19.24181298887593,0 72.98247739921301,19.24183709520599,0 72.98267427030925,19.24216708719275,0 72.98290650437939,19.2425906195113,0 72.98290458738873,19.24261413797183,0 72.98295981168842,19.24332784565557,0 72.98293752892961,19.24377862443131,0 72.98293335723052,19.24383249998263,0 72.9829291309198,19.24388719001051,0 72.98271095818495,19.24449460996345,0 72.98268003772316,19.24454899800698,0 72.98256209547043,19.24484457753279,0 72.98241151939304,19.2453337543258,0 72.98240624293865,19.24539211164143,0 72.98228935975672,19.24576896464604,0 72.98228645913927,19.24579980039226,0 72.98221147590677,19.2460098331762,0 72.98219484207321,19.2460392189061,0 72.98197807017273,19.24626047550129,0 72.98193441656505,19.24627557082345,0 72.98163041427803,19.24635037279081,0 72.98134936576483,19.24656555078879,0 72.98107535334516,19.24666804711274,0 72.98102327821228,19.24668700403766,0 72.98079689133199,19.24681022226389,0 72.98076795660656,19.24684439811555,0 72.98072347644602,19.24690283249117,0 72.98058453826928,19.24710929859085,0 72.98056155961791,19.24718820669763,0 72.98048525013303,19.2473833214154,0 72.98047077658546,19.24739561754131,0 72.98045096251576,19.24744851788372,0 72.98013497378854,19.24767923350863,0 72.97983183305428,19.24779931703208,0 72.97972421881971,19.2478179918143,0 72.97946745887006,19.24786571977475,0 72.97943948697309,19.24787692039303,0 72.97905331486167,19.24798276764531,0 72.97903804629941,19.24799521803232,0 72.97873198918428,19.24822374995318,0 72.97870298645825,19.24823588102813,0 72.97840303215517,19.2483391584775,0 72.97834759572044,19.24866453376461,0 72.97835642088818,19.24869272669399,0 72.97865252523884,19.24892450200672,0 72.97902510123208,19.24925236814434,0 72.97944390094283,19.24956131723964,0 72.97970553737193,19.25017478345369,0 72.97971403055622,19.25019922319522,0 72.97987552279143,19.25063379749749,0 72.9801329516454,19.25127927814897,0 72.98039515812366,19.25186507615764,0 72.98092295348782,19.25282876592269,0 72.98091871265069,19.25285821582067,0 72.98125631301097,19.25351235953442,0 72.98165045936942,19.25407429176711,0 72.98170262038175,19.25411015712344,0 72.98212644241197,19.2545217053641,0 72.9822064719399,19.25473144890991,0 72.98285438456554,19.25552256406108,0 72.98320611907839,19.25603236460774,0 72.98344781307861,19.2566340769897,0 72.98368541691116,19.25729904966492,0 72.98371476300332,19.25733805009218,0 72.98394259726055,19.25806123372012,0 72.98425037691777,19.25896579078256,0 72.98481324367553,19.26023074585273,0 72.98531016332522,19.26086568736718,0 72.98561256624835,19.26099472356305,0 72.98572068248136,19.26117097360875,0 72.98574320717736,19.26128261146711,0 72.98573306748339,19.26135298378229,0 72.9856416033582,19.26150572634184,0 72.98544126978624,19.26171159617497,0 72.98408833368902,19.26373693980968,0 72.9839435758049,19.26391390392224,0 72.98388074549645,19.26405192705465,0 72.98330838342743,19.26390466634022,0 72.98216494797938,19.26356809723801,0 72.98166622604809,19.2635392761025,0 72.98033387719936,19.26364352663943,0 72.97933750464527,19.26391274528894,0 72.97888900154611,19.26403800472064,0 72.97844646782195,19.26413025462212,0 72.97815434516676,19.26415581053416,0 72.97793623557325,19.26415521516039,0 72.97768807363622,19.26379694010686,0 72.97732795096636,19.26332546790989,0 72.97727465127545,19.26292021872521,0 72.97725348202049,19.2624659318281,0 72.97644969828923,19.25931853998995,0 72.97619292881788,19.25896734873158,0 72.9758318311704,19.25883561196654,0 72.97529299336681,19.25865005564913,0 72.97492228117878,19.25818183679854,0 72.97437925036118,19.25763881029089,0 72.9742449573435,19.25749839943232,0 72.97354138662749,19.25556329686871,0 72.97345994716117,19.25500514560196,0 72.97312766153645,19.25428208111704,0 72.97293866373684,19.2538486314257,0 72.97273786204669,19.25343863398482,0 72.97259196139311,19.25321423578843,0 72.97253545032706,19.25293769418836,0 72.97266289385638,19.25267768827277,0 72.97326597678116,19.25120262198732,0 72.97416778454554,19.24980323435467,0 72.97495531309734,19.24860437191119,0 72.97529205709721,19.24793972778555,0 72.97552620104857,19.24750934087693,0 72.97571486915959,19.2470436514449,0 72.97587122459085,19.24669849937904,0 72.97588886829324,19.24644900280396,0 72.97596833912412,19.24400799372474,0 72.97600267853066,19.24175787803302,0 72.97571350435635,19.24007498201859,0 72.97551801523703,19.23973149829171,0 72.97527267395942,19.23967788224621,0 72.97419842360654,19.24011626648572,0 72.97376036366042,19.24045497174015,0 72.97336492955044,19.24085922842292,0 72.9727162032956,19.24109789839003,0 72.97207525151502,19.24127877572496,0 72.9706942703038,19.24144172031246,0 72.96956419363698,19.24141250120307,0 72.96935281689804,19.24126525244271,0 72.96933480670499,19.24104152897045,0 72.96978032216106,19.23958727982071,0 72.96997665743552,19.2385604224881,0 72.97000351428424,19.23796063996362,0 72.96980616973289,19.23642239006814,0 72.96976493736268,19.23408614558319,0 72.96992766110097,19.23230462572207,0 72.97013363034762,19.23174849955105,0 72.97017354252839,19.23150260424424,0 72.96995241278381,19.22856882832579,0 72.96986465930617,19.22836641121192,0 72.96973492929551,19.22828195658184,0 72.96981757865402,19.22798345037913,0 72.97013733095146,19.2260390490883,0 72.96992845925587,19.22517417777795,0 72.96980103005663,19.22463417366173,0 72.96988349824882,19.22413235117794,0 72.96994894899744,19.22252442097227,0 72.97012161961139,19.22128919652603,0 72.97027823835568,19.22079577870877,0 72.97036318681542,19.22035744176053,0 72.96998646473682,19.21893291925183,0 72.96991921340356,19.21846696487009,0 72.9695351973225,19.21849213002724,0 72.96517213404702,19.21959107742337,0 72.96353350131433,19.21988472982067,0 72.9624780198253,19.22021636634844,0 72.96168780829831,19.22051379520812,0 72.96095420774702,19.22087241037072,0 72.96039316268111,19.2211854497635,0 72.95979888870957,19.22129655929606,0 72.95921756824386,19.22137548451263,0 72.95881894886904,19.22144461660828,0 72.9588089922907,19.22145257066232,0 72.95842723706239,19.22165160921248,0 72.9583903262815,19.22171062435029,0 72.9582339444384,19.22199231108303,0 72.95822481650075,19.22204486117325,0 72.95821883541765,19.22207983398609,0 72.95800965228717,19.22283761430449,0 72.95790294994083,19.22303477957415,0 72.95784791054245,19.22308686697238,0 72.95781304700554,19.2231304734234,0 72.9576455298902,19.22326049823785,0 72.95759170686465,19.22325413275547,0 72.9571860362171,19.22316367596046,0 72.95667468827028,19.22292793286985,0 72.9566275530224,19.22292615018805,0 72.956516745763,19.22291214931206,0 72.95582203939004,19.22273293881076,0 72.95540969254105,19.22260009560187,0 72.95515558387866,19.22241502579066,0 72.95450568541445,19.2211598960033,0 72.95353394287487,19.22032414918194,0 72.95319626000642,19.22009570770074,0 72.95301462766693,19.21959556974529,0 72.95283669703085,19.21922061567702,0 72.9528887655063,19.21878439218489,0 72.95317215955684,19.21836191206398,0 72.95337109905,19.21804180610178,0 72.95390057504737,19.21770058117433,0 72.95423896541516,19.217420512849,0 72.95459540243949,19.21714040492724,0 72.95515112396717,19.21656137974152,0 72.95537602878746,19.21633528106423,0 72.95584213322208,19.21618925167403,0 72.95627580980707,19.21593770414511,0 72.95669051110087,19.21555971768985,0 72.95716800499333,19.21515004905338,0 72.95754417868829,19.2150912282078,0 72.95791725641446,19.21504372863923,0 72.95823915949732,19.21489888100858,0 72.95858551085671,19.21457200260291,0 72.95978897404134,19.212895180139,0 72.96069479364876,19.21169168006241,0 72.96213012747147,19.20980321886013,0 72.96247081495392,19.20948508096138,0 72.96253170889638,19.20932622216792,0 72.96230346629268,19.20921668156065,0 72.9622594589205,19.20921299672554,0 72.96049933150911,19.20902233062505,0 72.95935712523092,19.20845113714611,0 72.95884821717966,19.20824233249193,0 72.95705365890471,19.20717169483424,0 72.95677824376754,19.20685578803777,0 72.95647562102526,19.20700247225499,0 72.95617482260134,19.20722378456546,0 72.95614696855895,19.20723879977526,0 72.95530202362274,19.20792252733769,0 72.95488478331717,19.20826324320181,0 72.95453296064032,19.20847228756741,0 72.95386202870881,19.2084601224775,0 72.95382449388332,19.20846718219225,0 72.95300238030451,19.20866706441523,0 72.9525933382612,19.20884163336359,0 72.95257883528328,19.20886959481938,0 72.95230360467039,19.20924025329739,0 72.95227868811473,19.20926915518315,0 72.95191842531874,19.20948016792798,0 72.95160811690445,19.20923336612149,0 72.95157815891204,19.20920689362039,0 72.95152940328163,19.20914589387834,0 72.95111781947661,19.20834206631252,0 72.95084954442164,19.20791195188924,0 72.95011474635967,19.20496034866055,0 72.94966849331672,19.2031323882392,0 72.94914522874979,19.2010731829889,0 72.94925311887253,19.19721217479503,0 72.94930569566553,19.195856870722,0 72.94932587616582,19.19488036142434,0 72.94956696280251,19.19474996933208,0 72.94991940139386,19.19473170135195,0 72.9516531791116,19.19445613956735,0 72.95331462941571,19.19390502457703,0 72.95374193772065,19.1936893317394,0 72.95421348840379,19.19335959470231,0 72.95433752632105,19.19310149571455,0 72.95490016374423,19.19270131366933,0 72.95507978494716,19.19234718233103,0 72.95522803661559,19.19180047101668,0 72.95551784914637,19.19096403627992,0 72.95564850580764,19.1901806103832,0 72.95531856103182,19.18736918746169,0 72.95545804242602,19.1861123632547,0 72.95571662075571,19.18566711874144,0 72.95738331318071,19.18294336328193,0 72.95831874346203,19.1824513565113,0 72.95892795120129,19.18208013970644,0 72.95957327080146,19.18198156681441,0 72.96207471935527,19.18186243439894,0 72.96277905489097,19.18178683885964,0 72.96404992335603,19.18173699131544,0 72.96511553343778,19.18155362220132,0 72.96594115836571,19.18133901502474,0 72.96655100517299,19.18139435020486,0 72.96718850403462,19.18158476720138,0 72.96721232897168,19.18160367644709,0 72.96753416272779,19.1819315961804,0 72.9675419780061,19.18194098366497,0 72.96789537588558,19.18214071621339,0 72.96893847208827,19.18309541916627,0 72.96963859391067,19.18339713000121,0 72.96970586907985,19.18343058457196,0 72.97041237354004,19.18384313495602,0 72.97047377068968,19.18386799647242,0 72.9712845492941,19.18412814826797,0 72.97131123699658,19.18414050617186,0 72.97134608112303,19.18416361270896,0 72.97224904560359,19.18463211735569,0 72.97230600629184,19.18463740341555,0 72.97315833550601,19.18478604182214,0 72.97494697496532,19.18536059748321,0 72.97555075197133,19.18538614890857,0 72.97595681035786,19.18533442921191,0 72.9760513893051,19.18532865872407,0 72.97610197096856,19.18532080615971,0 72.97615685075075,19.18532927217763,0 
					</coordinates>
				</LineString>
			</Placemark>
		</Folder>
	</Folder>
</Document>
</kml>
